Region,Year,Colour/Variety,Category,Tonnes purchased,Total value purchased,Average purchase value per tonne,% change in average value,Winery grown fruit,Winery grown share of crush,Total crushed,Total value all grapes
GreatSouthern,2021,Red,Cabernet Franc,,,,,14.638,100%,14.638,"$22,661"
GreatSouthern,2021,Red,Cabernet Sauvignon,1225.435,"$2,723,234.90","$2,222",-3%,276.055,18%,1501.49,"$3,336,701"
GreatSouthern,2021,Red,Grenache,10.704,"$17,695.90","$1,653",0%,,,10.704,"$17,696"
GreatSouthern,2021,Red,Malbec,54.864,"$111,578.60","$2,034",13%,61.52,53%,116.384,"$236,694"
GreatSouthern,2021,Red,Mataro/Mourvedre,,,,,2,100%,2,"$3,636"
GreatSouthern,2021,Red,Merlot,55.782,"$62,664.00","$1,123",0%,48.66,47%,104.442,"$117,327"
GreatSouthern,2021,Red,Nebbiolo,3.572,,,,0.94,21%,4.512,"$7,219"
GreatSouthern,2021,Red,Petit Verdot,,,,,1.8,100%,1.8,"$1,740"
GreatSouthern,2021,Red,Pinot Meunier,,,,,5.684,100%,5.684,"$9,743"
GreatSouthern,2021,Red,Pinot Noir,106.603,"$186,960.50","$1,754",-3%,228.901,68%,335.504,"$588,407"
GreatSouthern,2021,Red,Sangiovese,6,,,,2.818,32%,8.818,"$13,227"
GreatSouthern,2021,Red,Shiraz,1812.691,"$3,323,764.98","$1,834",3%,552.4,23%,2365.091,"$4,336,651"
GreatSouthern,2021,Red,Tempranillo,32.014,,,,12.74,28%,44.754,"$66,048"
GreatSouthern,2021,Red,Touriga Nacional,2.054,,,,3.4,62%,5.454,"$8,181"
GreatSouthern,2021,White,Chardonnay,649.612,"$800,658.66","$1,233",-6%,407.113,39%,1056.725,"$1,302,434"
GreatSouthern,2021,White,Fiano,12.259,,,,,,12.259,"$18,389"
GreatSouthern,2021,White,Gewürztraminer,,,,,7.392,100%,7.392,"$7,184"
GreatSouthern,2021,White,Grüner Veltliner,,,,,6.99,100%,6.99,"$13,592"
GreatSouthern,2021,White,Marsanne,,,,,0.3,100%,0.3,$475
GreatSouthern,2021,White,Pinot Gris/Grigio,67.506,"$92,587.20","$1,372",-8%,32.098,32%,99.604,"$136,611"
GreatSouthern,2021,White,Riesling,193.959,"$302,090.19","$1,558",-12%,355.312,65%,549.271,"$855,499"
GreatSouthern,2021,White,Sauvignon Blanc,816.517,"$838,556.07","$1,027",0%,370.411,31%,1186.928,"$1,218,964"
GreatSouthern,2021,White,Semillon,675.375,"$726,552.95","$1,076",18%,174.966,21%,850.341,"$914,769"
GreatSouthern,2021,White,Vermentino,5.84,,,,,,5.84,"$8,760"
GreatSouthern,2021,White,Viognier,0.556,,,,1.1,66%,1.656,"$2,484"
GreatSouthern,2020,Red,Cabernet Franc,5.525,,,,12.07,69%,17.595,"$15,836"
GreatSouthern,2020,Red,Cabernet Sauvignon,642.928,"$1,466,112.93","$2,280",-8%,272.938,30%,915.866,"$2,088,513"
GreatSouthern,2020,Red,Grenache,4.086,,,,4.44,52%,8.526,"$22,974"
GreatSouthern,2020,Red,Malbec,32.79,"$58,950.00","$1,798",-29%,36.843,53%,69.633,"$125,186"
GreatSouthern,2020,Red,Mataro/Mourvedre,7.46,,,,2.048,22%,9.508,"$28,524"
GreatSouthern,2020,Red,Merlot,32.092,,,,59.169,65%,91.261,"$99,645"
GreatSouthern,2020,Red,Nebbiolo,,,,,1.94,100%,1.94,"$3,575"
GreatSouthern,2020,Red,Petit Verdot,,,,,6.7,100%,6.7,"$7,724"
GreatSouthern,2020,Red,Pinot Meunier,,,,,2,100%,2,"$3,965"
GreatSouthern,2020,Red,Pinot Noir,101.296,"$184,089.47","$1,817",7%,139.904,58%,241.2,"$438,343"
GreatSouthern,2020,Red,Sangiovese,3.467,,,,,,3.467,"$5,201"
GreatSouthern,2020,Red,Shiraz,1311.374,"$2,345,752.45","$1,789",-6%,522.432,28%,1833.806,"$3,280,263"
GreatSouthern,2020,Red,Tempranillo,41.657,"$72,942.30","$1,751",0%,10.51,20%,52.167,"$91,346"
GreatSouthern,2020,Red,Touriga Nacional,,,,,1.96,100%,1.96,"$3,793"
GreatSouthern,2020,White,Chardonnay,377.076,"$492,207.01","$1,305",2%,242.276,39%,619.352,"$808,457"
GreatSouthern,2020,White,Gewürztraminer,8.185,,,,3.14,28%,11.325,"$20,863"
GreatSouthern,2020,White,Grüner Veltliner,,,,,3.7,100%,3.7,"$7,401"
GreatSouthern,2020,White,Pinot Gris/Grigio,58.575,"$87,211.00","$1,489",0%,15.076,20%,73.651,"$109,657"
GreatSouthern,2020,White,Riesling,144.262,"$254,320.25","$1,763",17%,225.167,61%,369.429,"$651,269"
GreatSouthern,2020,White,Sauvignon Blanc,458.347,"$470,774.80","$1,027",-8%,240.934,34%,699.281,"$718,241"
GreatSouthern,2020,White,Semillon,268.353,"$245,347.22",$914,-15%,128.848,32%,397.201,"$363,149"
GreatSouthern,2020,White,Verdelho,,,,,8.33,100%,8.33,"$8,033"
GreatSouthern,2020,White,Viognier,7.52,,,,4.699,38%,12.219,"$14,710"
GreatSouthern,2019,Red,Cabernet Franc,,,,,1.61,100%,1.61,"$2,343"
GreatSouthern,2019,Red,Cabernet Sauvignon,653.489,"$1,617,650.97","$2,475",54%,267.025,29%,920.514,"$2,278,647"
GreatSouthern,2019,Red,Grenache,3.471,,,,,,3.471,"$7,289"
GreatSouthern,2019,Red,Malbec,19.352,"$48,800.35","$2,522",0%,22.007,53%,41.359,"$104,296"
GreatSouthern,2019,Red,Merlot,18.521,,,,81.926,82%,100.447,"$120,536"
GreatSouthern,2019,Red,Nebbiolo,,,,,0.912,100%,0.912,"$1,656"
GreatSouthern,2019,Red,Pinot Meunier,,,,,0.056,100%,0.056,$85
GreatSouthern,2019,Red,Pinot Noir,50.913,"$86,804.20","$1,705",0%,110.729,69%,161.642,"$275,592"
GreatSouthern,2019,Red,Sangiovese,,,,,1.197,100%,1.197,"$1,564"
GreatSouthern,2019,Red,Shiraz,801.543,"$1,520,296.74","$1,897",27%,478.347,37%,1279.89,"$2,427,582"
GreatSouthern,2019,Red,Tempranillo,10.962,,,,9.074,45%,20.036,"$26,864"
GreatSouthern,2019,White,Chardonnay,211.563,"$271,274.30","$1,282",22%,246.378,54%,457.941,"$587,190"
GreatSouthern,2019,White,Gewürztraminer,,,,,0.12,100%,0.12,$99
GreatSouthern,2019,White,Pinot Gris/Grigio,25.747,,,,5.873,19%,31.62,"$49,594"
GreatSouthern,2019,White,Riesling,119.335,"$180,186.53","$1,510",16%,227.583,66%,346.918,"$523,819"
GreatSouthern,2019,White,Sauvignon Blanc,366.703,"$408,927.40","$1,115",10%,345.029,48%,711.732,"$793,686"
GreatSouthern,2019,White,Semillon,336.103,"$360,428.20","$1,072",0%,148.166,31%,484.269,"$519,318"
GreatSouthern,2019,White,Vermentino,2.433,,,,3.155,56%,5.588,"$8,382"
GreatSouthern,2019,White,Viognier,,,,,0.62,100%,0.62,$811
GreatSouthern,2018,Red,Cabernet Franc,,,,,24.44,100%,24.44,"$30,954"
GreatSouthern,2018,Red,Cabernet Sauvignon,669.951,"$1,078,364.80","$1,610",11%,146.274,18%,816.225,"$1,313,810"
GreatSouthern,2018,Red,Malbec,7.08,,,,16.34,70%,23.42,"$110,074"
GreatSouthern,2018,Red,Mataro/Mourvedre,,,,,1.5,100%,1.5,"$2,271"
GreatSouthern,2018,Red,Merlot,,,,,25.98,100%,25.98,"$22,557"
GreatSouthern,2018,Red,Petit Verdot,,,,,11.914,100%,11.914,"$11,641"
GreatSouthern,2018,Red,Pinot Meunier,,,,,0.062,100%,0.062,$94
GreatSouthern,2018,Red,Pinot Noir,29.094,,,,83.36,74%,112.454,"$157,436"
GreatSouthern,2018,Red,Shiraz,944.102,"$1,414,616.70","$1,498",9%,332.2,26%,1276.302,"$1,912,375"
GreatSouthern,2018,Red,Touriga Nacional,,,,,5,100%,5,"$9,710"
GreatSouthern,2018,White,Chardonnay,534.717,"$562,448.26","$1,052",-4%,215.852,29%,750.569,"$789,494"
GreatSouthern,2018,White,Marsanne,,,,,1,100%,1,"$1,122"
GreatSouthern,2018,White,Pinot Gris/Grigio,,,,,0.377,100%,0.377,$465
GreatSouthern,2018,White,Riesling,128.796,"$167,443.80","$1,300",-15%,294.062,70%,422.858,"$549,745"
GreatSouthern,2018,White,Sauvignon Blanc,440.207,"$447,684.22","$1,017",-7%,271.502,38%,711.709,"$723,799"
GreatSouthern,2018,White,Semillon,205.53,,,,133.415,39%,338.945,"$339,198"
GreatSouthern,2018,White,Verdelho,,,,,9.34,100%,9.34,"$9,307"
GreatSouthern,2018,White,Viognier,,,,,9.466,100%,9.466,"$11,919"
GreatSouthern,2017,Red,Cabernet Franc,,,,,29.945,100%,29.945,"$38,553"
GreatSouthern,2017,Red,Cabernet Sauvignon,912.357,"$1,328,033.26","$1,456",-5%,271.09,23%,1183.447,"$1,780,266"
GreatSouthern,2017,Red,Malbec,8.29,,,,15.962,66%,24.252,"$64,252"
GreatSouthern,2017,Red,Mataro/Mourvedre,,,,,4.96,100%,4.96,"$7,330"
GreatSouthern,2017,Red,Merlot,76.509,"$77,792.85","$1,017",0%,179.705,70%,256.214,"$260,513"
GreatSouthern,2017,Red,Petit Verdot,,,,,17.291,100%,17.291,"$14,841"
GreatSouthern,2017,Red,Pinot Meunier,,,,,0.093,100%,0.093,$390
GreatSouthern,2017,Red,Pinot Noir,67.387,"$117,365.17","$1,742",0%,146.638,69%,214.025,"$467,220"
GreatSouthern,2017,Red,Sangiovese,,,,,1,100%,1,"$1,144"
GreatSouthern,2017,Red,Shiraz,1338.348,"$1,847,116.59","$1,380",1%,617.433,32%,1955.781,"$2,699,267"
GreatSouthern,2017,Red,Tempranillo,,,,,9,100%,9,"$13,677"
GreatSouthern,2017,White,Chardonnay,845.927,"$924,123.70","$1,092",6%,355.444,30%,1201.371,"$1,588,139"
GreatSouthern,2017,White,Gewürztraminer,4.511,,,,,,4.511,"$7,894"
GreatSouthern,2017,White,Marsanne,,,,,0.996,100%,0.996,"$1,277"
GreatSouthern,2017,White,Pinot Gris/Grigio,20.935,"$35,879.30","$1,714",0%,0.432,2%,21.367,"$37,686"
GreatSouthern,2017,White,Riesling,306.091,"$469,104.81","$1,533",17%,354.632,54%,660.723,"$1,168,471"
GreatSouthern,2017,White,Sauvignon Blanc,383.204,"$420,715.06","$1,098",-1%,491.291,56%,874.495,"$1,172,582"
GreatSouthern,2017,White,Semillon,387.34,"$396,044.10","$1,022",3%,297.671,43%,685.011,"$700,404"
GreatSouthern,2017,White,Verdelho,,,,,17.324,100%,17.324,"$18,079"
GreatSouthern,2017,White,Vermentino,1.57,,,,,,1.57,"$2,512"
GreatSouthern,2017,White,Viognier,,,,,11.136,100%,11.136,"$14,405"
GreatSouthern,2016,Red,Cabernet Franc,,,,,8.495,100%,8.495,"$8,799"
GreatSouthern,2016,Red,Cabernet Sauvignon,817.79,"$1,258,618.50","$1,539",1%,416.074,34%,1233.864,"$1,898,977"
GreatSouthern,2016,Red,Grenache,14.449,"$21,673.50","$1,500",0%,,,14.449,"$21,674"
GreatSouthern,2016,Red,Malbec,7.58,,,,88.393,92%,95.973,"$451,073"
GreatSouthern,2016,Red,Mataro/Mourvedre,1.87,,,,,,1.87,"$5,610"
GreatSouthern,2016,Red,Merlot,3.131,,,,194.533,98%,197.664,"$296,496"
GreatSouthern,2016,Red,Petit Verdot,,,,,7.32,100%,7.32,"$7,243"
GreatSouthern,2016,Red,Pinot Noir,47.515,,,,163.032,77%,210.547,"$311,850"
GreatSouthern,2016,Red,Sangiovese,,,,,0.965,100%,0.965,"$1,137"
GreatSouthern,2016,Red,Shiraz,837.493,"$1,148,789.75","$1,372",-12%,1003.574,55%,1841.067,"$2,525,392"
GreatSouthern,2016,Red,Tempranillo,3,,,,4.938,62%,7.938,"$19,845"
GreatSouthern,2016,White,Chardonnay,604.676,"$624,392.90","$1,033",-7%,397.54,40%,1002.216,"$1,034,897"
GreatSouthern,2016,White,Gewürztraminer,4.487,,,,,,4.487,"$8,077"
GreatSouthern,2016,White,Pinot Gris/Grigio,2.469,,,,,,2.469,"$4,444"
GreatSouthern,2016,White,Riesling,241.507,"$316,291.58","$1,310",1%,361.459,60%,602.966,"$789,680"
GreatSouthern,2016,White,Sauvignon Blanc,326.915,"$362,693.60","$1,109",3%,536.303,62%,863.218,"$957,690"
GreatSouthern,2016,White,Semillon,332.814,"$329,237.50",$989,-5%,258.007,44%,590.821,"$584,471"
GreatSouthern,2016,White,Verdelho,,,,,23.25,100%,23.25,"$22,479"
GreatSouthern,2016,White,Viognier,5.2,,,,8.579,62%,13.779,"$4,134"
GreatSouthern,2015,Red,Cabernet Franc,3,,,,1.68,36%,4.68,"$4,680"
GreatSouthern,2015,Red,Cabernet Sauvignon,564.485,"$861,978.47","$1,527",-3%,279.455,33%,843.94,"$1,288,712"
GreatSouthern,2015,Red,Malbec,13.092,"$41,365.50","$3,160",0%,55.878,81%,68.97,"$217,918"
GreatSouthern,2015,Red,Merlot,16.971,,,,200.24,92%,217.211,"$240,072"
GreatSouthern,2015,Red,Petit Verdot,,,,,1.9,100%,1.9,"$1,781"
GreatSouthern,2015,Red,Pinot Noir,38.561,,,,80.957,68%,119.518,"$205,355"
GreatSouthern,2015,Red,Sangiovese,,,,,2.6,100%,2.6,"$3,307"
GreatSouthern,2015,Red,Shiraz,662.055,"$1,032,275.64","$1,559",5%,746.961,53%,1409.016,"$2,196,937"
GreatSouthern,2015,Red,Tempranillo,9.525,,,,7.16,43%,16.685,"$19,188"
GreatSouthern,2015,White,Chardonnay,268.298,"$297,500.63","$1,109",14%,241.109,47%,509.407,"$564,852"
GreatSouthern,2015,White,Pinot Gris/Grigio,12.634,,,,2.348,16%,14.982,"$16,855"
GreatSouthern,2015,White,Riesling,288.793,"$375,671.10","$1,301",15%,212.895,42%,501.688,"$652,611"
GreatSouthern,2015,White,Sauvignon Blanc,351.144,"$379,984.50","$1,082",5%,485.875,58%,837.019,"$905,764"
GreatSouthern,2015,White,Semillon,175.054,"$182,475.80","$1,042",-2%,170.044,49%,345.098,"$359,730"
GreatSouthern,2015,White,Verdelho,,,,,4.7,100%,4.7,"$3,290"
GreatSouthern,2015,White,Vermentino,3.94,,,,,,3.94,"$5,122"
GreatSouthern,2015,White,Viognier,,,,,0.3,100%,0.3,$348
Geograph,2015,Red,Cabernet Sauvignon,426.561,"$290,714.80",$682,0%,79.957,16%,506.518,"$345,208"
Geograph,2015,Red,Durif,1.295,,,,,,1.295,"$1,554"
Geograph,2015,Red,Graciano,,,,,1.5,100%,1.5,"$2,491"
Geograph,2015,Red,Grenache,2.5,,,,0.65,21%,3.15,"$3,402"
Geograph,2015,Red,Malbec,15.147,,,,5.317,26%,20.464,"$14,361"
Geograph,2015,Red,Mataro/Mourvedre,4.8,,,,0.9,16%,5.7,"$6,721"
Geograph,2015,Red,Merlot,157.708,"$63,273.60",$401,0%,35.064,18%,192.772,"$77,342"
Geograph,2015,Red,Petit Verdot,,,,,3.848,100%,3.848,"$3,608"
Geograph,2015,Red,Sangiovese,6.798,,,,,,6.798,"$8,804"
Geograph,2015,Red,Shiraz,440.143,"$330,713.60",$751,0%,84.04,16%,524.183,"$393,860"
Geograph,2015,Red,Tempranillo,47.325,"$60,267.80","$1,273",0%,11.43,19%,58.755,"$74,824"
Geograph,2015,Red,Touriga Nacional,4.928,"$8,260.00","$1,676",0%,,,4.928,"$8,260"
Geograph,2015,White,Chardonnay,273.58,"$219,565.90",$803,0%,35.864,12%,309.444,"$248,349"
Geograph,2015,White,Chenin blanc,,,,,8.74,100%,8.74,"$7,579"
Geograph,2015,White,Muscat à petits grains blancs,1.364,,,,,,1.364,"$2,182"
Geograph,2015,White,Sauvignon Blanc,371.536,"$292,138.30",$786,0%,85.1,19%,456.636,"$359,052"
Geograph,2015,White,Semillon,329.35,,,,83.59,20%,412.94,"$374,346"
Geograph,2015,White,Verdelho,,,,,18.569,100%,18.569,"$12,998"
Geograph,2015,White,Viognier,,,,,3.465,100%,3.465,"$4,016"
Geograph,2016,Red,Cabernet Franc,8,,,,,,8,"$2,400"
Geograph,2016,Red,Cabernet Sauvignon,302.425,"$120,847.00",$400,-41%,144.289,32%,446.714,"$178,503"
Geograph,2016,Red,Durif,2.629,,,,0.8,23%,3.429,"$4,801"
Geograph,2016,Red,Grenache,17.381,,,,,,17.381,"$17,253"
Geograph,2016,Red,Malbec,36.602,,,,18.599,34%,55.201,"$29,392"
Geograph,2016,Red,Merlot,171.7,"$59,245.00",$345,-14%,96.888,36%,268.588,"$92,676"
Geograph,2016,Red,Nebbiolo,,,,,1,100%,1,"$1,784"
Geograph,2016,Red,Petit Verdot,,,,,5.114,100%,5.114,"$5,060"
Geograph,2016,Red,Shiraz,270.418,"$252,117.60",$932,24%,144.55,35%,414.968,"$386,886"
Geograph,2016,Red,Tempranillo,29.37,"$41,378.60","$1,409",11%,5.605,16%,34.975,"$49,275"
Geograph,2016,Red,Touriga Nacional,5.721,,,,,,5.721,"$9,608"
Geograph,2016,White,Chardonnay,516.506,"$317,293.85",$614,-23%,51.184,9%,567.69,"$348,737"
Geograph,2016,White,Chenin blanc,,,,,12.09,100%,12.09,"$10,433"
Geograph,2016,White,Muscat à petits grains blancs,,,,,3,100%,3,"$2,950"
Geograph,2016,White,Sauvignon Blanc,479.21,"$301,983.00",$630,-20%,90.22,16%,569.43,"$358,837"
Geograph,2016,White,Semillon,547.43,"$368,400.50",$673,0%,55.4,9%,602.83,"$405,682"
Geograph,2016,White,Verdelho,,,,,23.118,100%,23.118,"$22,351"
Geograph,2016,White,Viognier,,,,,0.95,100%,0.95,"$1,173"
Geograph,2016,White,Other white,,,,,2.5,100%,2.5,"$3,971"
Geograph,2017,Red,Cabernet Sauvignon,91.448,,,,100.374,52%,191.822,"$211,668"
Geograph,2017,Red,Grenache,6.97,,,,6.8,49%,13.77,"$13,770"
Geograph,2017,Red,Malbec,1.21,,,,19.508,94%,20.718,"$37,292"
Geograph,2017,Red,Mataro/Mourvedre,1,,,,3.46,78%,4.46,"$6,690"
Geograph,2017,Red,Merlot,12.64,,,,56.448,82%,69.088,"$62,179"
Geograph,2017,Red,Nebbiolo,,,,,2.1,100%,2.1,"$3,788"
Geograph,2017,Red,Petit Verdot,,,,,2.879,100%,2.879,"$2,471"
Geograph,2017,Red,Shiraz,364.942,"$397,419.77","$1,089",17%,114.677,24%,479.619,"$522,302"
Geograph,2017,Red,Tempranillo,33.917,"$42,738.40","$1,260",-11%,21.51,39%,55.427,"$69,843"
Geograph,2017,Red,Touriga Nacional,4.55,,,,,,4.55,"$8,190"
Geograph,2017,Red,Other red,1.98,,,,7.074,78%,9.054,"$20,009"
Geograph,2017,White,Chardonnay,298.32,"$300,326.13","$1,007",64%,101.334,25%,399.654,"$402,342"
Geograph,2017,White,Chenin blanc,,,,,27.755,100%,27.755,"$23,450"
Geograph,2017,White,Muscat à petits grains blancs,,,,,4.9,100%,4.9,"$4,571"
Geograph,2017,White,Sauvignon Blanc,574.88,"$486,088.50",$846,34%,161.038,22%,735.918,"$622,254"
Geograph,2017,White,Semillon,293.28,"$263,810.00",$900,34%,108.68,27%,401.96,"$361,570"
Geograph,2017,White,Verdelho,,,,,20.46,100%,20.46,"$21,352"
Geograph,2017,White,Viognier,,,,,1.47,100%,1.47,"$1,902"
Geograph,2017,White,Other white,,,,,2,100%,2,"$3,507"
Geograph,2018,Red,Cabernet Sauvignon,91.15,,,,70.602,44%,161.752,"$149,494"
Geograph,2018,Red,Grenache,22.234,,,,5.35,19%,27.584,"$32,285"
Geograph,2018,Red,Malbec,,,,,22.698,100%,22.698,"$25,771"
Geograph,2018,Red,Mataro/Mourvedre,,,,,4.27,100%,4.27,"$6,465"
Geograph,2018,Red,Merlot,,,,,54.78,100%,54.78,"$47,562"
Geograph,2018,Red,Muscat à petits grains rouges,,,,,3,100%,3,"$4,519"
Geograph,2018,Red,Nebbiolo,,,,,2,100%,2,"$3,171"
Geograph,2018,Red,Petit Verdot,,,,,0.62,100%,0.62,$606
Geograph,2018,Red,Shiraz,145.404,"$163,668.40","$1,126",3%,107.256,42%,252.66,"$284,397"
Geograph,2018,Red,Tempranillo,69.421,"$80,643.00","$1,162",-8%,17.425,20%,86.846,"$100,885"
Geograph,2018,Red,Touriga Nacional,5.52,,,,,,5.52,"$9,936"
Geograph,2018,Red,Other red,,,,,9.626,100%,9.626,"$13,226"
Geograph,2018,White,Chardonnay,210.985,"$207,689.50",$984,-2%,51.199,20%,262.184,"$258,089"
Geograph,2018,White,Chenin blanc,,,,,10.006,100%,10.006,"$8,425"
Geograph,2018,White,Sauvignon Blanc,472.86,"$365,376.25",$773,-9%,110.938,19%,583.798,"$451,097"
Geograph,2018,White,Semillon,353.53,"$306,900.50",$868,-3%,80.97,19%,434.5,"$377,191"
Geograph,2018,White,Verdelho,,,,,1.822,100%,1.822,"$1,816"
Geograph,2018,White,Vermentino,6.662,,,,,,6.662,"$10,659"
Geograph,2018,White,Viognier,,,,,2.975,100%,2.975,"$3,746"
Geograph,2018,White,Other white,,,,,2.5,100%,2.5,"$4,304"
Geograph,2019,Red,Cabernet Sauvignon,73.015,"$76,180.00","$1,043",0%,83.671,53%,156.686,"$163,478"
Geograph,2019,Red,Graciano,,,,,0.8,100%,0.8,"$1,238"
Geograph,2019,Red,Grenache,16.426,,,,19.415,54%,35.841,"$62,275"
Geograph,2019,Red,Malbec,,,,,26.124,100%,26.124,"$31,815"
Geograph,2019,Red,Mataro/Mourvedre,,,,,3.685,100%,3.685,"$5,837"
Geograph,2019,Red,Merlot,21.38,,,,45.418,68%,66.798,"$61,009"
Geograph,2019,Red,Muscat à petits grains rouges,1.6,,,,2.5,61%,4.1,"$10,250"
Geograph,2019,Red,Nebbiolo,,,,,1.7,100%,1.7,"$3,086"
Geograph,2019,Red,Nero d'Avola,,,,,1.9,100%,1.9,"$3,751"
Geograph,2019,Red,Petit Verdot,,,,,0.58,100%,0.58,$654
Geograph,2019,Red,Shiraz,243.232,"$261,751.45","$1,076",-4%,91.333,27%,334.565,"$360,039"
Geograph,2019,Red,Tempranillo,40.605,"$49,574.50","$1,221",5%,8.28,17%,48.885,"$59,684"
Geograph,2019,Red,Touriga Nacional,4.41,,,,1.25,22%,5.66,"$10,471"
Geograph,2019,Red,Other red,,,,,10.413,100%,10.413,"$13,463"
Geograph,2019,White,Chardonnay,207.103,"$208,129.50","$1,005",2%,70.847,25%,277.95,"$279,328"
Geograph,2019,White,Chenin blanc,,,,,10.1,100%,10.1,"$9,166"
Geograph,2019,White,Muscat à petits grains blancs,,,,,1.9,100%,1.9,"$2,152"
Geograph,2019,White,Pinot Gris/Grigio,1.91,,,,,,1.91,"$3,056"
Geograph,2019,White,Riesling,,,,,7.714,100%,7.714,"$9,391"
Geograph,2019,White,Sauvignon Blanc,146.951,"$107,512.35",$732,-5%,127.351,46%,274.302,"$200,685"
Geograph,2019,White,Semillon,6.441,,,,75.36,92%,81.801,"$65,086"
Geograph,2019,White,Viognier,,,,,2.17,100%,2.17,"$2,838"
Geograph,2019,White,Other white,,,,,1.8,100%,1.8,"$2,536"
Geograph,2020,Red,Barbera,2.448,,,,,,2.448,"$3,292"
Geograph,2020,Red,Cabernet Sauvignon,126.111,"$141,521.50","$1,122",8%,81.009,39%,207.12,"$232,430"
Geograph,2020,Red,Durif,1,,,,,,1,"$1,800"
Geograph,2020,Red,Graciano,,,,,1.2,100%,1.2,"$2,195"
Geograph,2020,Red,Grenache,17.53,,,,9.925,36%,27.455,"$49,465"
Geograph,2020,Red,Malbec,9.536,,,,30.29,76%,39.826,"$47,791"
Geograph,2020,Red,Mataro/Mourvedre,2.005,,,,4.325,68%,6.33,"$2,532"
Geograph,2020,Red,Merlot,34.763,"$30,620.60",$881,0%,29.708,46%,64.471,"$56,789"
Geograph,2020,Red,Muscat à petits grains rouges,1.438,,,,6.603,82%,8.041,"$16,082"
Geograph,2020,Red,Nebbiolo,,,,,1.9,100%,1.9,"$3,501"
Geograph,2020,Red,Nero d'Avola,1.065,,,,,,1.065,"$1,491"
Geograph,2020,Red,Petit Verdot,0.6,,,,,,0.6,$692
Geograph,2020,Red,Sangiovese,6.76,,,,,,6.76,"$6,084"
Geograph,2020,Red,Shiraz,355.353,"$394,138.63","$1,109",3%,80.216,18%,435.569,"$483,110"
Geograph,2020,Red,Tempranillo,50.35,"$63,541.70","$1,262",3%,14.793,23%,65.143,"$82,210"
Geograph,2020,Red,Touriga Nacional,8.68,,,,,,8.68,"$16,492"
Geograph,2020,Red,Other red,5.517,,,,7.188,57%,12.705,"$18,310"
Geograph,2020,White,Chardonnay,168.733,"$182,654.50","$1,083",8%,67.093,28%,235.826,"$255,283"
Geograph,2020,White,Chenin blanc,,,,,4.525,100%,4.525,"$3,845"
Geograph,2020,White,Riesling,,,,,5.576,100%,5.576,"$7,650"
Geograph,2020,White,Sauvignon Blanc,182.86,"$180,709.00",$988,35%,86.333,32%,269.193,"$266,027"
Geograph,2020,White,Semillon,162.64,"$102,321.68",$629,0%,66.286,29%,228.926,"$144,024"
Geograph,2020,White,Vermentino,3.56,,,,,,3.56,"$5,340"
Geograph,2020,White,Viognier,,,,,0.985,100%,0.985,"$1,380"
Geograph,2020,White,Other white,,,,,3.8,100%,3.8,"$4,786"
Geograph,2021,Red,Barbera,3.734,,,,,,3.734,"$6,721"
Geograph,2021,Red,Cabernet Sauvignon,200.466,"$248,154.45","$1,238",10%,96.254,32%,296.72,"$367,306"
Geograph,2021,Red,Graciano,,,,,1.286,100%,1.286,"$2,634"
Geograph,2021,Red,Grenache,9.396,"$15,487.80","$1,648",0%,22.151,70%,31.547,"$52,000"
Geograph,2021,Red,Malbec,8.727,,,,26.657,75%,35.384,"$74,983"
Geograph,2021,Red,Mataro/Mourvedre,,,,,6.785,100%,6.785,"$12,335"
Geograph,2021,Red,Merlot,104.416,"$99,622.45",$954,8%,35.41,25%,139.826,"$133,407"
Geograph,2021,Red,Montepulciano,0.495,,,,,,0.495,$644
Geograph,2021,Red,Muscat à petits grains rouges,2.109,,,,5.8,73%,7.909,"$11,864"
Geograph,2021,Red,Nebbiolo,,,,,1.75,100%,1.75,"$3,943"
Geograph,2021,Red,Nero d'Avola,,,,,1.6,100%,1.6,"$3,379"
Geograph,2021,Red,Petit Verdot,,,,,3.665,100%,3.665,"$3,543"
Geograph,2021,Red,Sangiovese,7.677,,,,,,7.677,"$10,748"
Geograph,2021,Red,Shiraz,371.683,"$431,966.96","$1,162",5%,124.18,25%,495.863,"$576,295"
Geograph,2021,Red,Tempranillo,49.868,"$70,947.00","$1,423",13%,15.999,24%,65.867,"$93,709"
Geograph,2021,Red,Touriga Nacional,3.39,,,,2.26,40%,5.65,"$11,300"
Geograph,2021,Red,Other red,1.992,,,,12.355,86%,14.347,"$27,869"
Geograph,2021,White,Chardonnay,223.747,"$272,180.80","$1,216",12%,114.981,34%,338.728,"$412,052"
Geograph,2021,White,Chenin blanc,5.036,,,,10.991,69%,16.027,"$24,041"
Geograph,2021,White,Fiano,,,,,0.85,100%,0.85,"$1,413"
Geograph,2021,White,Gewürztraminer,0.89,,,,,,0.89,"$2,403"
Geograph,2021,White,Muscat à petits grains blancs,,,,,2.9,100%,2.9,"$3,293"
Geograph,2021,White,Riesling,21.539,,,,7.683,26%,29.222,"$40,911"
Geograph,2021,White,Sauvignon Blanc,142.539,"$115,640.83",$811,-18%,121.76,46%,264.299,"$214,424"
Geograph,2021,White,Semillon,161.626,,,,55.24,25%,216.866,"$140,455"
Geograph,2021,White,Verdelho,,,,,1.729,100%,1.729,"$1,845"
Geograph,2021,White,Vermentino,6.113,,,,3.05,33%,9.163,"$12,181"
Geograph,2021,White,Viognier,,,,,0.98,100%,0.98,"$1,364"
Geograph,2021,White,Other white,,,,,3.8,100%,3.8,"$4,690"
Blackwood Valley,2021,Red,Cabernet Sauvignon,18.78,,,,,,18.78,"$29,870"
Blackwood Valley,2021,Red,Malbec,6.05,,,,,,6.05,"$7,260"
Blackwood Valley,2021,Red,Shiraz,111.549,"$134,163.92","$1,203",8%,,,111.549,"$134,164"
Blackwood Valley,2021,White,Chardonnay,93.303,,,,,,93.303,"$122,296"
Blackwood Valley,2021,White,Sauvignon Blanc,414.197,,,,,,414.197,"$530,393"
Blackwood Valley,2021,White,Semillon,213.85,,,,,,213.85,"$278,005"
Blackwood Valley,2020,Red,Cabernet Sauvignon,31.14,"$44,329.50","$1,424",0%,,,31.14,"$44,330"
Blackwood Valley,2020,Red,Malbec,8.556,,,,,,8.556,"$10,267"
Blackwood Valley,2020,Red,Shiraz,108.844,"$121,151.00","$1,113",10%,,,108.844,"$121,151"
Blackwood Valley,2020,White,Chardonnay,30.92,,,,,,30.92,"$32,792"
Blackwood Valley,2020,White,Sauvignon Blanc,266.45,,,,,,266.45,"$213,160"
Blackwood Valley,2020,White,Semillon,185.535,"$161,366.50",$870,0%,,,185.535,"$161,367"
Blackwood Valley,2019,Red,Cabernet Sauvignon,38.316,,,,,,38.316,"$59,104"
Blackwood Valley,2019,Red,Merlot,23.982,,,,,,23.982,"$35,973"
Blackwood Valley,2019,Red,Shiraz,78.293,"$79,346.70","$1,013",16%,,,78.293,"$79,347"
Blackwood Valley,2019,White,Chardonnay,31.327,,,,,,31.327,"$46,031"
Blackwood Valley,2019,White,Sauvignon Blanc,323.459,,,,9.1,3%,332.559,"$274,893"
Blackwood Valley,2019,White,Semillon,201.73,,,,,,201.73,"$201,730"
Blackwood Valley,2018,Red,Cabernet Sauvignon,249.259,"$282,972.10","$1,135",2%,26.85,10%,276.109,"$313,454"
Blackwood Valley,2018,Red,Grenache,3.9,,,,,,3.9,"$3,900"
Blackwood Valley,2018,Red,Malbec,5.959,,,,,,5.959,"$7,689"
Blackwood Valley,2018,Red,Merlot,29.998,,,,18.45,38%,48.448,"$72,672"
Blackwood Valley,2018,Red,Petit Verdot,,,,,0.512,100%,0.512,$500
Blackwood Valley,2018,Red,Shiraz,183.076,"$160,165.20",$875,-12%,62.277,25%,245.353,"$214,649"
Blackwood Valley,2018,Red,Tempranillo,3.4,,,,,,3.4,"$3,740"
Blackwood Valley,2018,White,Chardonnay,71.381,"$88,545.90","$1,240",38%,21.651,23%,93.032,"$115,403"
Blackwood Valley,2018,White,Sauvignon Blanc,47.549,,,,47.903,50%,95.452,"$102,011"
Blackwood Valley,2018,White,Semillon,41.974,,,,1.4,3%,43.374,"$44,956"
Blackwood Valley,2018,White,Vermentino,4.3,,,,,,4.3,"$5,160"
Blackwood Valley,2017,Red,Cabernet Sauvignon,307.379,"$343,570.59","$1,118",0%,,,307.379,"$343,571"
Blackwood Valley,2017,Red,Grenache,4.16,,,,,,4.16,"$4,562"
Blackwood Valley,2017,Red,Malbec,3.042,,,,,,3.042,"$4,611"
Blackwood Valley,2017,Red,Merlot,38.968,,,,,,38.968,"$59,063"
Blackwood Valley,2017,Red,Shiraz,242.273,"$241,356.21",$996,0%,,,242.273,"$241,356"
Blackwood Valley,2017,Red,Tempranillo,2.06,,,,,,2.06,"$2,263"
Blackwood Valley,2017,White,Chardonnay,172.363,"$155,233.44",$901,0%,,,172.363,"$155,233"
Blackwood Valley,2017,White,Sauvignon Blanc,35.107,,,,76.12,68%,111.227,"$137,792"
Blackwood Valley,2017,White,Semillon,46.144,,,,,,46.144,"$50,724"
Blackwood Valley,2017,White,Vermentino,2.74,,,,,,2.74,"$3,282"
Blackwood Valley,2016,Red,Cabernet Sauvignon,42.328,,,,19.032,31%,61.36,"$102,274"
Blackwood Valley,2016,Red,Malbec,4.512,,,,5.097,53%,9.609,"$14,414"
Blackwood Valley,2016,Red,Merlot,29.785,,,,35.701,55%,65.486,"$91,680"
Blackwood Valley,2016,Red,Shiraz,32.812,,,,89.373,73%,122.185,"$195,462"
Blackwood Valley,2016,Red,Tempranillo,,,,,8.403,100%,8.403,"$11,961"
Blackwood Valley,2016,White,Chardonnay,43.844,,,,8.854,17%,52.698,"$66,621"
Blackwood Valley,2016,White,Sauvignon Blanc,13.134,,,,67.866,84%,81,"$121,500"
Blackwood Valley,2016,White,Semillon,31.803,,,,6.235,16%,38.038,"$49,449"
Blackwood Valley,2015,Red,Cabernet Sauvignon,27.704,"$47,449.99","$1,713",0%,146.32,84%,174.024,"$298,060"
Blackwood Valley,2015,Red,Grenache,,,,,0.79,100%,0.79,"$1,130"
Blackwood Valley,2015,Red,Malbec,,,,,0.34,100%,0.34,$341
Blackwood Valley,2015,Red,Shiraz,23.928,,,,190.32,89%,214.248,"$324,363"
Blackwood Valley,2015,Red,Tempranillo,,,,,3.28,100%,3.28,"$4,728"
Blackwood Valley,2015,White,Chardonnay,34.924,,,,,,34.924,"$35,812"
Blackwood Valley,2015,White,Sauvignon Blanc,,,,,81.5,100%,81.5,"$84,219"
Blackwood Valley,2015,White,Semillon,15.01,,,,45.32,75%,60.33,"$54,297"
Manjimup,2021,Red,Cabernet Sauvignon,,,,,23.04,100%,23.04,"$31,455"
Manjimup,2021,Red,Pinot Noir,6.287,,,,10.74,63%,17.027,"$25,541"
Manjimup,2021,Red,Shiraz,,,,,13.475,100%,13.475,"$22,727"
Manjimup,2021,White,Chardonnay,,,,,12.995,100%,12.995,"$15,241"
Manjimup,2021,White,Pinot Gris/Grigio,9.59,,,,,,9.59,"$14,385"
Manjimup,2021,White,Verdelho,,,,,7.12,100%,7.12,"$7,596"
Manjimup,2020,Red,Pinot Noir,4,,,,,,4,"$5,298"
Manjimup,2020,White,Chardonnay,,,,,2.724,100%,2.724,"$3,207"
Manjimup,2020,White,Pinot Gris/Grigio,9,,,,,,9,"$14,034"
Manjimup,2019,Red,Cabernet Sauvignon,,,,,5.91,100%,5.91,"$8,607"
Manjimup,2019,Red,Merlot,17.328,,,,105.18,86%,122.508,"$110,257"
Manjimup,2019,Red,Pinot Noir,,,,,5.2,100%,5.2,"$8,832"
Manjimup,2019,Red,Shiraz,12.576,,,,8.87,41%,21.446,"$22,128"
Manjimup,2019,White,Chardonnay,9.872,,,,24.79,72%,34.662,"$34,662"
Manjimup,2019,White,Pinot Gris/Grigio,6.096,,,,,,6.096,"$9,144"
Manjimup,2019,White,Sauvignon Blanc,16.394,,,,18.63,53%,35.024,"$31,522"
Manjimup,2019,White,Verdelho,4.292,,,,22.44,84%,26.732,"$24,059"
Manjimup,2018,Red,Cabernet Sauvignon,,,,,0.986,100%,0.986,"$1,339"
Manjimup,2018,Red,Merlot,,,,,32.26,100%,32.26,"$28,009"
Manjimup,2018,Red,Pinot Noir,,,,,9.915,100%,9.915,"$16,777"
Manjimup,2018,Red,Shiraz,,,,,3.759,100%,3.759,"$6,054"
Manjimup,2018,White,Chardonnay,17.321,,,,,,17.321,"$24,249"
Manjimup,2018,White,Pinot Gris/Grigio,12.264,,,,,,12.264,"$22,075"
Manjimup,2018,White,Sauvignon Blanc,50.385,,,,23.138,31%,73.523,"$88,228"
Manjimup,2018,White,Semillon,48.455,,,,,,48.455,"$58,146"
Manjimup,2018,White,Verdelho,,,,,6.322,100%,6.322,"$6,300"
Manjimup,2017,White,Chardonnay,31.075,,,,,,31.075,"$40,928"
Manjimup,2017,White,Pinot Gris/Grigio,18.615,,,,,,18.615,"$26,757"
Manjimup,2017,White,Sauvignon Blanc,53.231,,,,,,53.231,"$64,809"
Manjimup,2016,Red,Cabernet Sauvignon,13.1,,,,10.47,44%,23.57,"$21,213"
Manjimup,2016,Red,Merlot,,,,,44.42,100%,44.42,"$33,076"
Manjimup,2016,Red,Petit Verdot,,,,,0.858,100%,0.858,$849
Manjimup,2016,Red,Pinot Noir,,,,,26.411,100%,26.411,"$40,632"
Manjimup,2016,Red,Shiraz,16.34,,,,11.78,42%,28.12,"$25,308"
Manjimup,2016,Red,Tempranillo,,,,,0.334,100%,0.334,$475
Manjimup,2016,White,Chardonnay,45.479,,,,34.52,43%,79.999,"$73,096"
Manjimup,2016,White,Pinot Gris/Grigio,9.564,,,,,,9.564,"$13,390"
Manjimup,2016,White,Sauvignon Blanc,40.604,,,,51.28,56%,91.884,"$108,326"
Manjimup,2016,White,Semillon,40.215,,,,,,40.215,"$56,301"
Manjimup,2016,White,Verdelho,,,,,54.22,100%,54.22,"$52,421"
Manjimup,2016,White,Vermentino,,,,,0.336,100%,0.336,$379
Manjimup,2015,Red,Cabernet Sauvignon,,,,,5.271,100%,5.271,"$6,058"
Manjimup,2015,Red,Merlot,,,,,40.287,100%,40.287,"$29,378"
Manjimup,2015,Red,Petit Verdot,,,,,0.233,100%,0.233,$218
Manjimup,2015,Red,Pinot Noir,,,,,6.615,100%,6.615,"$9,477"
Manjimup,2015,Red,Shiraz,,,,,13.288,100%,13.288,"$17,763"
Manjimup,2015,White,Chardonnay,,,,,12.317,100%,12.317,"$11,059"
Manjimup,2015,White,Sauvignon Blanc,,,,,41.087,100%,41.087,"$42,458"
Manjimup,2015,White,Verdelho,,,,,48.422,100%,48.422,"$33,895"
Peel,2021,Red,Cabernet Franc,,,,,0.82,100%,0.82,"$1,269"
Peel,2021,Red,Cabernet Sauvignon,,,,,2.995,100%,2.995,"$4,089"
Peel,2021,Red,Malbec,3.91,,,,,,3.91,"$9,775"
Peel,2021,Red,Shiraz,,,,,0.831,100%,0.831,"$1,402"
Peel,2021,Red,Touriga Nacional,,,,,0.57,100%,0.57,"$1,081"
Peel,2021,Red,Other red,,,,,0.52,100%,0.52,$904
Peel,2021,White,Chardonnay,2.07,,,,1.82,47%,3.89,"$7,391"
Peel,2021,White,Chenin blanc,,,,,2.12,100%,2.12,"$1,995"
Peel,2021,White,Verdelho,,,,,2.1,100%,2.1,"$2,240"
Peel,2020,Red,Cabernet Franc,,,,,0.52,100%,0.52,$833
Peel,2020,Red,Cabernet Sauvignon,,,,,2.442,100%,2.442,"$3,928"
Peel,2020,Red,Shiraz,,,,,3.312,100%,3.312,"$5,969"
Peel,2020,Red,Other red,,,,,0.61,100%,0.61,"$1,026"
Peel,2020,White,Chardonnay,,,,,1.75,100%,1.75,"$2,060"
Peel,2020,White,Chenin blanc,,,,,1.4,100%,1.4,"$1,190"
Peel,2020,White,Verdelho,,,,,1.77,100%,1.77,"$1,707"
Peel,2019,Red,Cabernet Sauvignon,,,,,2.34,100%,2.34,"$3,408"
Peel,2019,Red,Shiraz,2.695,,,,3.63,57%,6.325,"$10,120"
Peel,2019,Red,Touriga Nacional,,,,,0.56,100%,0.56,"$1,035"
Peel,2019,White,Chardonnay,,,,,1.32,100%,1.32,"$1,417"
Peel,2019,White,Chenin blanc,,,,,1.54,100%,1.54,"$1,398"
Peel,2019,White,Verdelho,,,,,1.54,100%,1.54,"$1,501"
Peel,2017,Red,Cabernet Franc,,,,,3.81,100%,3.81,"$4,905"
Peel,2017,Red,Cabernet Sauvignon,,,,,3.47,100%,3.47,"$3,906"
Peel,2017,Red,Shiraz,,,,,2.4,100%,2.4,"$3,547"
Peel,2017,Red,Other red,,,,,0.38,100%,0.38,$648
Peel,2017,White,Chardonnay,,,,,2.3,100%,2.3,"$2,198"
Peel,2017,White,Chenin blanc,,,,,2.4,100%,2.4,"$2,028"
Peel,2017,White,Verdelho,,,,,2.64,100%,2.64,"$2,755"
Peel,2017,White,Other white,,,,,0.78,100%,0.78,"$1,215"
Peel,2015,Red,Grenache,,,,,1,100%,1,"$1,430"
Peel,2015,Red,Merlot,,,,,1,100%,1,$729
Peel,2015,Red,Shiraz,,,,,3,100%,3,"$4,010"
Peel,2015,Red,Other red,,,,,3,100%,3,"$3,000"
Peel,2015,White,Chardonnay,,,,,1,100%,1,$898
Peel,2015,White,Chenin blanc,,,,,1,100%,1,$867
Peel,2015,White,Vermentino,,,,,1,100%,1,"$1,152"
Pemperton,2015,Red,Cabernet Franc,,,,,7.163,100%,7.163,"$7,963"
Pemperton,2015,Red,Cabernet Sauvignon,,,,,8.546,100%,8.546,"$9,822"
Pemperton,2015,Red,Malbec,,,,,7.3,100%,7.3,"$7,327"
Pemperton,2015,Red,Merlot,,,,,51.483,100%,51.483,"$37,542"
Pemperton,2015,Red,Nebbiolo,,,,,1.54,100%,1.54,"$2,424"
Pemperton,2015,Red,Pinot Noir,26.848,"$34,285.30","$1,277",0%,60.873,69%,87.721,"$112,021"
Pemperton,2015,Red,Shiraz,3.806,,,,43.48,92%,47.286,"$99,301"
Pemperton,2015,Red,Other red,,,,,3.85,100%,3.85,"$5,823"
Pemperton,2015,White,Chardonnay,418.486,"$509,725.50","$1,218",18%,108.646,21%,527.132,"$642,059"
Pemperton,2015,White,Gewürztraminer,0.07,,,,,,0.07,$98
Pemperton,2015,White,Pinot Gris/Grigio,14.5,,,,,,14.5,"$13,326"
Pemperton,2015,White,Riesling,,,,,25.229,100%,25.229,"$27,818"
Pemperton,2015,White,Sauvignon Blanc,437.01,"$471,178.50","$1,078",-5%,428.202,49%,865.212,"$932,862"
Pemperton,2015,White,Semillon,61.97,"$56,847.50",$917,-15%,131.132,68%,193.102,"$177,140"
Pemperton,2015,White,Verdelho,,,,,2.6,100%,2.6,"$1,820"
Pemperton,2015,White,Viognier,,,,,7.4,100%,7.4,"$8,577"
Pemperton,2015,White,Other white,1,,,,0.411,29%,1.411,"$1,724"
Pemperton,2016,Red,Cabernet Franc,,,,,4.598,100%,4.598,"$4,762"
Pemperton,2016,Red,Cabernet Sauvignon,5.236,,,,42.501,89%,47.737,"$133,664"
Pemperton,2016,Red,Grenache,2.317,,,,,,2.317,"$6,951"
Pemperton,2016,Red,Malbec,,,,,11.5,100%,11.5,"$12,029"
Pemperton,2016,Red,Merlot,,,,,104.26,100%,104.26,"$77,634"
Pemperton,2016,Red,Nebbiolo,,,,,3.62,100%,3.62,"$6,458"
Pemperton,2016,Red,Petit Verdot,,,,,3.3,100%,3.3,"$3,265"
Pemperton,2016,Red,Pinot Noir,51.265,"$73,762.50","$1,439",13%,72.843,59%,124.108,"$178,573"
Pemperton,2016,Red,Shiraz,5.632,,,,42.247,88%,47.879,"$86,182"
Pemperton,2016,Red,Other red,,,,,5.8,100%,5.8,"$9,339"
Pemperton,2016,White,Chardonnay,460.34,"$634,178.85","$1,378",13%,187.232,29%,647.572,"$892,115"
Pemperton,2016,White,Gewürztraminer,0.23,,,,,,0.23,$391
Pemperton,2016,White,Pinot Gris/Grigio,13.1,,,,,,13.1,"$22,105"
Pemperton,2016,White,Riesling,5.233,,,,13.6,72%,18.833,"$33,899"
Pemperton,2016,White,Sauvignon Blanc,674.231,"$791,175.08","$1,173",9%,546.594,45%,1220.825,"$1,432,576"
Pemperton,2016,White,Semillon,70.005,,,,138.327,66%,208.332,"$196,078"
Pemperton,2016,White,Verdelho,,,,,5.4,100%,5.4,"$5,221"
Pemperton,2016,White,Viognier,1.584,,,,5.5,78%,7.084,"$8,439"
Pemperton,2016,White,Other white,,,,,0.18,100%,0.18,$286
Pemperton,2017,Red,Cabernet Sauvignon,,,,,7,100%,7,"$7,881"
Pemperton,2017,Red,Malbec,,,,,10.34,100%,10.34,"$10,513"
Pemperton,2017,Red,Merlot,,,,,24.74,100%,24.74,"$19,092"
Pemperton,2017,Red,Pinot Noir,8.45,"$15,210.00","$1,800",25%,99.42,92%,107.87,"$194,166"
Pemperton,2017,Red,Shiraz,,,,,37.66,100%,37.66,"$55,660"
Pemperton,2017,Red,Other red,,,,,3.46,100%,3.46,"$5,896"
Pemperton,2017,White,Chardonnay,241.429,"$341,687.63","$1,415",3%,45.37,16%,286.799,"$405,898"
Pemperton,2017,White,Gewürztraminer,0.35,,,,,,0.35,$595
Pemperton,2017,White,Pinot Gris/Grigio,11.49,,,,3,21%,14.49,"$24,633"
Pemperton,2017,White,Riesling,,,,,27.82,100%,27.82,"$32,087"
Pemperton,2017,White,Sauvignon Blanc,340.33,,,,120.011,26%,460.341,"$466,150"
Pemperton,2017,White,Semillon,,,,,65.05,100%,65.05,"$56,151"
Pemperton,2018,Red,Cabernet Franc,,,,,8.09,100%,8.09,"$10,246"
Pemperton,2018,Red,Cabernet Sauvignon,,,,,71.17,100%,71.17,"$96,644"
Pemperton,2018,Red,Merlot,,,,,72.2,100%,72.2,"$62,687"
Pemperton,2018,Red,Nebbiolo,,,,,3.56,100%,3.56,"$5,644"
Pemperton,2018,Red,Petit Verdot,,,,,7.22,100%,7.22,"$7,054"
Pemperton,2018,Red,Pinot Noir,24.792,"$46,763.20","$1,886",5%,4.791,16%,29.583,"$55,800"
Pemperton,2018,White,Chardonnay,490.721,"$691,957.62","$1,410",0%,109.687,18%,600.408,"$846,625"
Pemperton,2018,White,Gewürztraminer,1.76,,,,,,1.76,"$2,992"
Pemperton,2018,White,Pinot Gris/Grigio,36.188,,,,,,36.188,"$61,192"
Pemperton,2018,White,Sauvignon Blanc,667.431,"$733,096.44","$1,098",0%,422.24,39%,1089.671,"$1,196,881"
Pemperton,2018,White,Semillon,53.29,,,,37.74,41%,91.03,"$88,518"
Pemperton,2018,White,Other white,,,,,0.398,100%,0.398,$685
Pemperton,2019,Red,Cabernet Franc,,,,,1.52,100%,1.52,"$2,212"
Pemperton,2019,Red,Cabernet Sauvignon,,,,,37.5,100%,37.5,"$54,612"
Pemperton,2019,Red,Merlot,14.213,,,,37.357,72%,51.57,"$56,727"
Pemperton,2019,Red,Nebbiolo,,,,,3.16,100%,3.16,"$5,736"
Pemperton,2019,Red,Petit Verdot,,,,,3.7,100%,3.7,"$4,174"
Pemperton,2019,Red,Pinot Noir,48.97,"$139,432.31","$2,847",51%,9.189,16%,58.159,"$165,596"
Pemperton,2019,Red,Shiraz,3.629,,,,,,3.629,"$3,992"
Pemperton,2019,White,Chardonnay,353.983,"$521,218.15","$1,472",4%,78.162,18%,432.145,"$636,307"
Pemperton,2019,White,Gewürztraminer,4.02,,,,,,4.02,"$6,834"
Pemperton,2019,White,Pinot Gris/Grigio,43.339,"$75,113.44","$1,733",0%,,,43.339,"$75,113"
Pemperton,2019,White,Riesling,6.505,,,,,,6.505,"$7,156"
Pemperton,2019,White,Sauvignon Blanc,546.387,"$531,341.16",$972,-11%,414.82,43%,961.207,"$934,737"
Pemperton,2019,White,Semillon,38.39,,,,53.34,58%,91.73,"$88,347"
Pemperton,2019,White,Other white,,,,,0.955,100%,0.955,"$1,457"
Pemperton,2020,Red,Cabernet Franc,,,,,1.38,100%,1.38,"$2,211"
Pemperton,2020,Red,Cabernet Sauvignon,,,,,19.88,100%,19.88,"$31,978"
Pemperton,2020,Red,Merlot,,,,,41.895,100%,41.895,"$45,119"
Pemperton,2020,Red,Nebbiolo,,,,,2.54,100%,2.54,"$4,680"
Pemperton,2020,Red,Petit Verdot,,,,,3.66,100%,3.66,"$4,219"
Pemperton,2020,Red,Pinot Noir,38.149,"$82,751.00","$2,169",-24%,18.773,33%,56.922,"$123,472"
Pemperton,2020,Red,Shiraz,20,,,,15.18,43%,35.18,"$52,770"
Pemperton,2020,White,Chardonnay,206.063,"$321,330.42","$1,559",6%,56.611,22%,262.674,"$409,608"
Pemperton,2020,White,Gewürztraminer,1.51,,,,,,1.51,"$2,567"
Pemperton,2020,White,Pinot Gris/Grigio,29.25,,,,,,29.25,"$51,731"
Pemperton,2020,White,Prosecco,48,,,,,,48,"$67,001"
Pemperton,2020,White,Riesling,,,,,3.895,100%,3.895,"$5,344"
Pemperton,2020,White,Sauvignon Blanc,433.086,"$467,384.78","$1,079",11%,273.66,39%,706.746,"$762,719"
Pemperton,2020,White,Semillon,35.63,,,,34.36,49%,69.99,"$67,582"
Pemperton,2020,White,Other white,,,,,1.552,100%,1.552,"$2,402"
Pemperton,2021,Red,Cabernet Franc,,,,,1.58,100%,1.58,"$2,446"
Pemperton,2021,Red,Cabernet Sauvignon,,,,,56.1,100%,56.1,"$76,589"
Pemperton,2021,Red,Malbec,,,,,10.13,100%,10.13,"$14,716"
Pemperton,2021,Red,Merlot,,,,,62.67,100%,62.67,"$56,890"
Pemperton,2021,Red,Nebbiolo,,,,,3.88,100%,3.88,"$8,743"
Pemperton,2021,Red,Petit Verdot,,,,,9.46,100%,9.46,"$9,144"
Pemperton,2021,Red,Pinot Meunier,,,,,1.49,100%,1.49,"$2,554"
Pemperton,2021,Red,Pinot Noir,16.664,,,,47.588,74%,64.252,"$166,392"
Pemperton,2021,Red,Shiraz,,,,,23.895,100%,23.895,"$40,301"
Pemperton,2021,Red,Other red,,,,,9.08,100%,9.08,"$15,788"
Pemperton,2021,White,Chardonnay,323.953,"$525,442.20","$1,622",4%,110.056,25%,434.009,"$703,950"
Pemperton,2021,White,Gewürztraminer,1.84,,,,,,1.84,"$3,128"
Pemperton,2021,White,Pinot Gris/Grigio,35.437,,,,1.768,5%,37.205,"$65,399"
Pemperton,2021,White,Prosecco,80.278,,,,6.393,7%,86.671,"$108,945"
Pemperton,2021,White,Riesling,,,,,17.835,100%,17.835,"$26,411"
Pemperton,2021,White,Sauvignon Blanc,411.638,"$504,436.60","$1,225",14%,365,47%,776.638,"$951,722"
Pemperton,2021,White,Semillon,6.03,,,,52.692,90%,58.722,"$58,722"
Pemperton,2021,White,Other white,,,,,2.323,100%,2.323,"$3,472"
Margaret River,2021,Red,Cabernet Franc,51.948,"$118,021.21","$2,267",26%,32.984,39%,84.932,"$192,801"
Margaret River,2021,Red,Cabernet Sauvignon,2768.653,"$5,258,650.51","$1,904",1%,2146.655,44%,4915.308,"$9,346,053"
Margaret River,2021,Red,Graciano,1.851,,,,4.579,71%,6.43,"$16,075"
Margaret River,2021,Red,Grenache,9.27,,,,35.156,79%,44.426,"$79,967"
Margaret River,2021,Red,Malbec,109.968,"$227,311.91","$2,067",-1%,111.723,50%,221.691,"$458,251"
Margaret River,2021,Red,Mataro/Mourvedre,,,,,0.493,100%,0.493,$896
Margaret River,2021,Red,Merlot,577.89,"$766,638.55","$1,330",3%,459.791,44%,1037.681,"$1,378,197"
Margaret River,2021,Red,Muscat à petits grains rouges,31.731,,,,7.31,19%,39.041,"$56,185"
Margaret River,2021,Red,Nebbiolo,1.18,,,,,,1.18,"$2,950"
Margaret River,2021,Red,Petit Verdot,27.288,"$58,380.00","$2,139",7%,49.106,64%,76.394,"$163,437"
Margaret River,2021,Red,Pinot Noir,38.183,"$64,732.20","$1,695",1%,52.956,58%,91.139,"$154,509"
Margaret River,2021,Red,Sangiovese,4.006,,,,10.269,72%,14.275,"$22,840"
Margaret River,2021,Red,Shiraz,1872.406,"$2,464,823.53","$1,317",4%,1224.087,40%,3096.493,"$4,077,007"
Margaret River,2021,Red,Tempranillo,72.845,"$125,971.70","$1,729",15%,73.11,50%,145.955,"$252,398"
Margaret River,2021,Red,Touriga Nacional,,,,,4.534,100%,4.534,"$8,601"
Margaret River,2021,Red,Other red,1.706,,,,16.011,90%,17.717,"$24,663"
Margaret River,2021,White,Chardonnay,2117.374,"$3,711,596.35","$1,753",-1%,2056.98,49%,4174.354,"$7,317,297"
Margaret River,2021,White,Chenin blanc,598.895,"$550,804.80",$920,7%,182.813,23%,781.708,"$718,942"
Margaret River,2021,White,Fiano,,,,,17.138,100%,17.138,"$28,482"
Margaret River,2021,White,Gewürztraminer,,,,,1.446,100%,1.446,"$1,405"
Margaret River,2021,White,Marsanne,2.17,,,,0.764,26%,2.934,"$5,281"
Margaret River,2021,White,Muscat à petits grains blancs,2.292,,,,11.593,83%,13.885,"$29,520"
Margaret River,2021,White,Pinot Gris/Grigio,35.613,"$57,156.87","$1,605",2%,76.99,68%,112.603,"$180,721"
Margaret River,2021,White,Prosecco,2.204,,,,,,2.204,"$3,086"
Margaret River,2021,White,Sauvignon Blanc,2903.659,"$3,271,128.44","$1,126",0%,2309.025,44%,5212.684,"$5,870,975"
Margaret River,2021,White,Semillon,2332.813,"$2,470,267.87","$1,059",4%,2006.747,46%,4339.56,"$4,595,032"
Margaret River,2021,White,Verdelho,4.884,,,,31.551,87%,36.435,"$40,079"
Margaret River,2021,White,Vermentino,0.695,,,,2.8,80%,3.495,"$6,990"
Margaret River,2021,White,Viognier,25.903,"$25,668.07",$991,0%,26.724,51%,52.627,"$52,150"
Margaret River,2021,White,Other white,,,,,17.169,100%,17.169,"$23,825"
Margaret River,2020,Red,Cabernet Franc,27.902,"$50,274.20","$1,802",9%,30.642,52%,58.544,"$105,485"
Margaret River,2020,Red,Cabernet Sauvignon,2727.086,"$5,130,346.89","$1,881",4%,1653.145,38%,4380.231,"$8,240,342"
Margaret River,2020,Red,Graciano,,,,,5.683,100%,5.683,"$10,396"
Margaret River,2020,Red,Grenache,1.57,,,,12.591,89%,14.161,"$25,490"
Margaret River,2020,Red,Malbec,72.946,"$151,751.40","$2,080",1%,95.963,57%,168.909,"$351,386"
Margaret River,2020,Red,Merlot,553.409,"$717,402.95","$1,296",14%,383.785,41%,937.194,"$1,214,915"
Margaret River,2020,Red,Muscat à petits grains rouges,30.6,,,,11,26%,41.6,"$58,287"
Margaret River,2020,Red,Nebbiolo,,,,,1.886,100%,1.886,"$3,475"
Margaret River,2020,Red,Petit Verdot,27.936,"$55,801.10","$1,997",-2%,33.611,55%,61.547,"$122,938"
Margaret River,2020,Red,Pinot Noir,49.982,"$83,539.80","$1,671",9%,41.676,45%,91.658,"$153,197"
Margaret River,2020,Red,Sangiovese,5.46,,,,10.966,67%,16.426,"$26,282"
Margaret River,2020,Red,Shiraz,1966.987,"$2,493,534.27","$1,268",6%,1273.703,39%,3240.69,"$4,108,195"
Margaret River,2020,Red,Tempranillo,41.729,"$63,022.10","$1,510",1%,71.902,63%,113.631,"$171,614"
Margaret River,2020,Red,Touriga Nacional,,,,,2.407,100%,2.407,"$4,658"
Margaret River,2020,Red,Other red,11.2,,,,11.564,51%,22.764,"$46,714"
Margaret River,2020,White,Chardonnay,1716.978,"$3,035,070.73","$1,768",0%,1579.373,48%,3296.351,"$5,826,913"
Margaret River,2020,White,Chenin blanc,501.149,"$431,681.30",$861,0%,136.198,21%,637.347,"$549,000"
Margaret River,2020,White,Fiano,1.045,,,,6.232,86%,7.277,"$9,460"
Margaret River,2020,White,Gewürztraminer,,,,,0.328,100%,0.328,$294
Margaret River,2020,White,Marsanne,,,,,3.193,100%,3.193,"$4,594"
Margaret River,2020,White,Muscat à petits grains blancs,0.645,,,,16.729,96%,17.374,"$34,748"
Margaret River,2020,White,Muscat Gordo Blanco,,,,,1.375,100%,1.375,$550
Margaret River,2020,White,Pinot Gris/Grigio,19.217,"$30,374.26","$1,581",13%,20.863,52%,40.08,"$63,350"
Margaret River,2020,White,Riesling,,,,,3.2,100%,3.2,"$4,390"
Margaret River,2020,White,Sauvignon Blanc,2544.924,"$2,857,714.96","$1,123",2%,1638.442,39%,4183.366,"$4,697,538"
Margaret River,2020,White,Semillon,2198.197,"$2,234,228.52","$1,016",-3%,1676.162,43%,3874.359,"$3,937,863"
Margaret River,2020,White,Verdelho,20.116,"$22,169.76","$1,102",-8%,23.116,53%,43.232,"$47,646"
Margaret River,2020,White,Vermentino,,,,,3.8,100%,3.8,"$5,812"
Margaret River,2020,White,Viognier,6.43,,,,23.114,78%,29.544,"$43,576"
Margaret River,2020,White,Other white,2.1,,,,11.361,84%,13.461,"$18,719"
Margaret River,2019,Red,Cabernet Franc,26.714,"$44,213.70","$1,655",-5%,37.155,58%,63.869,"$105,708"
Margaret River,2019,Red,Cabernet Sauvignon,2763.332,"$4,993,429.05","$1,807",3%,1634.801,37%,4398.133,"$7,940,309"
Margaret River,2019,Red,Graciano,2.2,,,,3.221,59%,5.421,"$8,387"
Margaret River,2019,Red,Grenache,11.54,,,,14.695,56%,26.235,"$47,223"
Margaret River,2019,Red,Malbec,48.822,"$100,528.00","$2,059",0%,122.246,71%,171.068,"$352,241"
Margaret River,2019,Red,Mataro/Mourvedre,4.4,,,,0.351,7%,4.751,"$7,525"
Margaret River,2019,Red,Merlot,484.512,"$552,540.42","$1,140",-5%,460.52,49%,945.032,"$1,077,722"
Margaret River,2019,Red,Nebbiolo,3.44,,,,4.3,56%,7.74,"$19,350"
Margaret River,2019,Red,Petit Verdot,28.464,"$58,278.25","$2,047",-8%,32.392,53%,60.856,"$124,599"
Margaret River,2019,Red,Pinot Noir,40.23,"$61,910.23","$1,539",-4%,32.714,45%,72.944,"$112,254"
Margaret River,2019,Red,Sangiovese,4.5,,,,4.131,48%,8.631,"$11,275"
Margaret River,2019,Red,Shiraz,1518.39,"$1,821,166.04","$1,199",-1%,1076.842,41%,2595.232,"$3,112,741"
Margaret River,2019,Red,Tempranillo,37.313,"$55,869.86","$1,497",13%,16.696,31%,54.009,"$81,777"
Margaret River,2019,Red,Touriga Nacional,,,,,2.415,100%,2.415,"$4,465"
Margaret River,2019,Red,Other red,17.3,,,,10.357,37%,27.657,"$42,851"
Margaret River,2019,White,Chardonnay,1834.377,"$3,258,817.02","$1,777",-2%,1843.088,50%,3677.465,"$6,533,118"
Margaret River,2019,White,Chenin blanc,394.655,"$340,649.10",$863,0%,124.455,24%,519.11,"$448,074"
Margaret River,2019,White,Fiano,,,,,6.778,100%,6.778,"$10,734"
Margaret River,2019,White,Marsanne,,,,,2.89,100%,2.89,"$3,641"
Margaret River,2019,White,Muscat à petits grains blancs,55.677,"$81,876.40","$1,471",0%,26.741,32%,82.418,"$122,036"
Margaret River,2019,White,Pinot Gris/Grigio,35.789,"$50,000.19","$1,397",0%,35.84,50%,71.629,"$101,889"
Margaret River,2019,White,Riesling,,,,,3.442,100%,3.442,"$4,190"
Margaret River,2019,White,Sauvignon Blanc,2035.767,"$2,242,542.46","$1,102",-5%,1916.254,48%,3952.021,"$4,353,430"
Margaret River,2019,White,Semillon,1567.137,"$1,644,118.74","$1,049",-2%,1842.53,54%,3409.667,"$3,577,154"
Margaret River,2019,White,Verdelho,34.76,"$41,847.50","$1,204",5%,74.605,68%,109.365,"$131,664"
Margaret River,2019,White,Vermentino,3.679,,,,1.54,30%,5.219,"$9,027"
Margaret River,2019,White,Viognier,3.5,,,,25.661,88%,29.161,"$38,134"
Margaret River,2019,White,Other white,2.002,,,,14.964,88%,16.966,"$19,684"
Margaret River,2018,Red,Cabernet Franc,16.072,"$28,054.20","$1,746",-6%,52.84,77%,68.912,"$120,288"
Margaret River,2018,Red,Cabernet Sauvignon,2413.272,"$4,254,061.51","$1,763",-2%,1713.592,42%,4126.864,"$7,274,747"
Margaret River,2018,Red,Graciano,,,,,5.174,100%,5.174,"$7,784"
Margaret River,2018,Red,Grenache,13,,,,18.593,59%,31.593,"$88,460"
Margaret River,2018,Red,Malbec,50.459,"$104,135.70","$2,064",15%,133.149,73%,183.608,"$378,925"
Margaret River,2018,Red,Mataro/Mourvedre,5.3,,,,15.083,74%,20.383,"$30,863"
Margaret River,2018,Red,Merlot,491.41,"$592,436.81","$1,206",-13%,478.595,49%,970.005,"$1,169,426"
Margaret River,2018,Red,Nebbiolo,2.814,,,,4.203,60%,7.017,"$19,648"
Margaret River,2018,Red,Petit Verdot,16.37,"$36,584.96","$2,235",-10%,58.974,78%,75.344,"$168,385"
Margaret River,2018,Red,Pinot Noir,14.598,"$23,281.80","$1,595",-10%,31.133,68%,45.731,"$72,935"
Margaret River,2018,Red,Sangiovese,5.7,,,,13.335,70%,19.035,"$22,583"
Margaret River,2018,Red,Shiraz,1631.064,"$1,980,263.60","$1,214",-2%,793.925,33%,2424.989,"$2,944,160"
Margaret River,2018,Red,Tempranillo,56.425,"$74,617.90","$1,322",-20%,16.094,22%,72.519,"$95,901"
Margaret River,2018,Red,Other red,20.5,,,,10.984,35%,31.484,"$47,275"
Margaret River,2018,White,Chardonnay,1486.066,"$2,699,487.31","$1,817",3%,1554.209,51%,3040.275,"$5,522,770"
Margaret River,2018,White,Chenin blanc,587.9,"$509,978.80",$867,2%,135.709,19%,723.609,"$627,701"
Margaret River,2018,White,Fiano,,,,,11.228,100%,11.228,"$17,789"
Margaret River,2018,White,Gewürztraminer,3.829,,,,,,3.829,"$6,509"
Margaret River,2018,White,Marsanne,,,,,5.2,100%,5.2,"$5,836"
Margaret River,2018,White,Muscat à petits grains blancs,44.67,,,,17.091,28%,61.761,"$87,851"
Margaret River,2018,White,Pinot Gris/Grigio,52.303,,,,14.04,21%,66.343,"$91,676"
Margaret River,2018,White,Riesling,,,,,8,100%,8,"$9,381"
Margaret River,2018,White,Sauvignon Blanc,2299.806,"$2,654,135.95","$1,154",-6%,1866.717,45%,4166.523,"$4,808,458"
Margaret River,2018,White,Semillon,2221.258,"$2,372,343.77","$1,068",-3%,1876.677,46%,4097.935,"$4,376,672"
Margaret River,2018,White,Verdelho,74.656,"$85,518.70","$1,146",-2%,36.775,33%,111.431,"$127,644"
Margaret River,2018,White,Vermentino,6.829,,,,2.65,28%,9.479,"$13,028"
Margaret River,2018,White,Viognier,6.2,,,,29.84,83%,36.04,"$45,379"
Margaret River,2018,White,Other white,,,,,9.355,100%,9.355,"$11,161"
Margaret River,2017,Red,Cabernet Franc,21.249,"$39,370.79","$1,853",2%,62.258,75%,83.507,"$154,724"
Margaret River,2017,Red,Cabernet Sauvignon,2334.387,"$4,206,664.30","$1,802",2%,2241.841,49%,4576.228,"$8,274,527"
Margaret River,2017,Red,Graciano,,,,,2.32,100%,2.32,"$3,931"
Margaret River,2017,Red,Grenache,15.23,,,,10.485,41%,25.715,"$43,233"
Margaret River,2017,Red,Malbec,89.13,"$160,612.97","$1,802",6%,139.393,61%,228.523,"$411,801"
Margaret River,2017,Red,Mataro/Mourvedre,,,,,4.94,100%,4.94,"$7,301"
Margaret River,2017,Red,Merlot,492.766,"$682,989.55","$1,386",4%,651.357,57%,1144.123,"$1,607,157"
Margaret River,2017,Red,Nebbiolo,2.279,,,,0.96,30%,3.239,"$8,098"
Margaret River,2017,Red,Petit Verdot,15.48,"$38,548.78","$2,490",64%,103.956,87%,119.436,"$290,819"
Margaret River,2017,Red,Pinot Noir,41.678,"$73,463.70","$1,763",23%,27.119,39%,68.797,"$121,265"
Margaret River,2017,Red,Sangiovese,11.765,,,,10.17,46%,21.935,"$33,204"
Margaret River,2017,Red,Shiraz,1346.3,"$1,675,796.65","$1,245",0%,965.987,42%,2312.287,"$2,976,503"
Margaret River,2017,Red,Tempranillo,36.581,"$60,834.81","$1,663",25%,31.202,46%,67.783,"$112,724"
Margaret River,2017,Red,Other red,3.6,,,,12.428,78%,16.028,"$32,208"
Margaret River,2017,White,Chardonnay,1672.518,"$2,950,444.37","$1,764",6%,1662.324,50%,3334.842,"$5,953,227"
Margaret River,2017,White,Chenin blanc,594.365,"$505,160.92",$850,0%,123.999,17%,718.364,"$610,550"
Margaret River,2017,White,Fiano,,,,,12.7,100%,12.7,"$18,237"
Margaret River,2017,White,Marsanne,,,,,8.8,100%,8.8,"$11,284"
Margaret River,2017,White,Muscat à petits grains blancs,44.021,"$64,004.60","$1,454",-18%,62.714,59%,106.735,"$153,488"
Margaret River,2017,White,Muscat Gordo Blanco,,,,,1.07,100%,1.07,"$1,070"
Margaret River,2017,White,Pinot Gris/Grigio,65.741,,,,6.612,9%,72.353,"$103,811"
Margaret River,2017,White,Riesling,8.83,,,,12.316,58%,21.146,"$19,031"
Margaret River,2017,White,Sauvignon Blanc,2289.76,"$2,825,036.64","$1,234",9%,2060.831,47%,4350.591,"$5,374,838"
Margaret River,2017,White,Semillon,1723.804,"$1,905,019.17","$1,105",3%,1460.609,46%,3184.413,"$3,565,848"
Margaret River,2017,White,Verdelho,72.346,"$84,351.20","$1,166",8%,7.95,10%,80.296,"$93,620"
Margaret River,2017,White,Viognier,,,,,14.19,100%,14.19,"$18,356"
Margaret River,2017,White,Other white,,,,,11.319,100%,11.319,"$10,880"
Margaret River,2016,Red,Cabernet Franc,11.54,"$20,940.50","$1,815",-6%,29.114,72%,40.654,"$73,771"
Margaret River,2016,Red,Cabernet Sauvignon,1789.173,"$3,171,607.64","$1,773",6%,1453.814,45%,3242.987,"$5,758,118"
Margaret River,2016,Red,Graciano,,,,,4.465,100%,4.465,"$7,583"
Margaret River,2016,Red,Grenache,5.7,,,,7.527,57%,13.227,"$22,973"
Margaret River,2016,Red,Malbec,69.561,"$118,511.55","$1,704",9%,99.067,59%,168.628,"$287,293"
Margaret River,2016,Red,Mataro/Mourvedre,,,,,4.165,100%,4.165,"$6,511"
Margaret River,2016,Red,Merlot,487.984,"$650,998.40","$1,334",6%,475.362,49%,963.346,"$1,285,160"
Margaret River,2016,Red,Nebbiolo,7.255,"$14,280.70","$1,968",0%,2,22%,9.255,"$18,217"
Margaret River,2016,Red,Petit Verdot,20.668,"$31,355.25","$1,517",-10%,46.931,69%,67.599,"$102,554"
Margaret River,2016,Red,Pinot Noir,50.654,"$72,833.40","$1,438",5%,11.158,18%,61.812,"$88,877"
Margaret River,2016,Red,Sangiovese,1.265,,,,6.94,85%,8.205,"$13,128"
Margaret River,2016,Red,Shiraz,1399.627,"$1,746,099.75","$1,248",5%,729.96,34%,2129.587,"$2,667,056"
Margaret River,2016,Red,Tempranillo,56.913,"$75,505.00","$1,327",0%,26.791,32%,83.704,"$111,048"
Margaret River,2016,Red,Other red,,,,,22.023,100%,22.023,"$30,746"
Margaret River,2016,White,Chardonnay,1451.996,"$2,415,353.62","$1,663",9%,1431.298,50%,2883.294,"$4,796,275"
Margaret River,2016,White,Chenin blanc,576.866,"$489,443.70",$848,0%,144.565,20%,721.431,"$612,100"
Margaret River,2016,White,Fiano,,,,,8.17,100%,8.17,"$12,492"
Margaret River,2016,White,Marsanne,,,,,6.404,100%,6.404,"$7,546"
Margaret River,2016,White,Muscat à petits grains blancs,15.729,"$27,982.20","$1,779",0%,52.901,77%,68.63,"$122,094"
Margaret River,2016,White,Pinot Gris/Grigio,12,,,,2.2,15%,14.2,"$24,140"
Margaret River,2016,White,Riesling,5.076,,,,7.505,60%,12.581,"$12,175"
Margaret River,2016,White,Roussanne,,,,,2.224,100%,2.224,"$3,884"
Margaret River,2016,White,Sauvignon Blanc,2574.273,"$2,918,402.66","$1,134",7%,1205.977,32%,3780.25,"$4,287,210"
Margaret River,2016,White,Semillon,2647.799,"$2,830,785.15","$1,069",-2%,1160.729,30%,3808.528,"$4,073,832"
Margaret River,2016,White,Verdelho,50.456,"$54,373.30","$1,078",17%,23.2,31%,73.656,"$79,375"
Margaret River,2016,White,Vermentino,5.488,,,,3.6,40%,9.088,"$15,266"
Margaret River,2016,White,Viognier,,,,,8.635,100%,8.635,"$10,662"
Margaret River,2016,White,Other white,,,,,6.03,100%,6.03,"$6,030"
Margaret River,2015,Red,Cabernet Franc,19.455,"$37,433.50","$1,924",0%,40.04,67%,59.495,"$114,475"
Margaret River,2015,Red,Cabernet Sauvignon,1887.875,"$3,158,843.26","$1,673",-2%,1240.047,40%,3127.922,"$5,233,727"
Margaret River,2015,Red,Graciano,,,,,2.42,100%,2.42,"$4,019"
Margaret River,2015,Red,Grenache,12.207,,,,21,63%,33.207,"$49,811"
Margaret River,2015,Red,Malbec,35.723,"$55,654.40","$1,558",-12%,65.139,65%,100.862,"$157,137"
Margaret River,2015,Red,Mataro/Mourvedre,,,,,9,100%,9,"$13,794"
Margaret River,2015,Red,Merlot,481.221,"$607,939.73","$1,263",-9%,391.811,45%,873.032,"$1,102,926"
Margaret River,2015,Red,Nebbiolo,3.52,,,,2.927,45%,6.447,"$12,894"
Margaret River,2015,Red,Petit Verdot,22.026,"$36,929.48","$1,677",3%,38.888,64%,60.914,"$102,130"
Margaret River,2015,Red,Pinot Noir,20.848,"$28,462.60","$1,365",0%,3.389,14%,24.237,"$33,089"
Margaret River,2015,Red,Sangiovese,,,,,8.528,100%,8.528,"$10,848"
Margaret River,2015,Red,Shiraz,1356.355,"$1,605,876.35","$1,184",-7%,666.682,33%,2023.037,"$2,395,201"
Margaret River,2015,Red,Tempranillo,40.878,"$54,202.00","$1,326",0%,5.05,11%,45.928,"$60,898"
Margaret River,2015,Red,Other red,2.56,,,,16.28,86%,18.84,"$26,912"
Margaret River,2015,White,Chardonnay,1107.096,"$1,687,525.11","$1,524",5%,1168.284,51%,2275.38,"$3,468,317"
Margaret River,2015,White,Chenin blanc,522.61,"$443,654.00",$849,-2%,172.167,25%,694.777,"$589,810"
Margaret River,2015,White,Fiano,6.18,,,,,,6.18,"$6,240"
Margaret River,2015,White,Marsanne,,,,,7,100%,7,"$7,915"
Margaret River,2015,White,Muscat à petits grains blancs,3.425,,,,11.46,77%,14.885,"$26,793"
Margaret River,2015,White,Pinot Gris/Grigio,22.12,,,,3.089,12%,25.209,"$34,440"
Margaret River,2015,White,Riesling,,,,,9.34,100%,9.34,"$10,299"
Margaret River,2015,White,Sauvignon Blanc,2455.514,"$2,608,233.40","$1,062",-13%,1547.884,39%,4003.398,"$4,252,380"
Margaret River,2015,White,Semillon,2016.036,"$2,201,204.54","$1,092",-9%,1402.768,41%,3418.804,"$3,732,817"
Margaret River,2015,White,Verdelho,62.914,"$57,954.60",$921,-17%,33.74,35%,96.654,"$89,035"
Margaret River,2015,White,Vermentino,13.923,"$21,306.50","$1,530",0%,14.17,50%,28.093,"$42,991"
Margaret River,2015,White,Viognier,,,,,15.906,100%,15.906,"$18,436"
Margaret River,2015,White,Other white,2.712,,,,0.481,15%,3.193,"$4,736"
Perth Hills,2021,Red,Cabernet Franc,,,,,0.82,100%,0.82,"$1,269"
Perth Hills,2021,Red,Cabernet Sauvignon,,,,,2.995,100%,2.995,"$4,089"
Perth Hills,2021,Red,Malbec,3.91,,,,,,3.91,"$9,775"
Perth Hills,2021,Red,Shiraz,,,,,0.831,100%,0.831,"$1,402"
Perth Hills,2021,Red,Touriga Nacional,,,,,0.57,100%,0.57,"$1,081"
Perth Hills,2021,Red,Other red,,,,,0.52,100%,0.52,$904
Perth Hills,2021,White,Chardonnay,2.07,,,,1.82,47%,3.89,"$7,391"
Perth Hills,2021,White,Chenin blanc,,,,,2.12,100%,2.12,"$1,995"
Perth Hills,2021,White,Verdelho,,,,,2.1,100%,2.1,"$2,240"
Perth Hills,2022,Red,Cabernet Sauvignon,14.148,,,,,,14.148,"$12,026"
Perth Hills,2020,Red,Durif,1.42,,,,2.9,67%,4.32,"$5,184"
Perth Hills,2020,Red,Mataro/Mourvedre,,,,,2.159,100%,2.159,"$4,198"
Perth Hills,2020,Red,Merlot,,,,,1.2,100%,1.2,"$1,292"
Perth Hills,2020,Red,Muscat à petits grains rouges,0.6,,,,,,0.6,$900
Perth Hills,2020,Red,Petit Verdot,0.6,,,,0.88,59%,1.48,"$1,480"
Perth Hills,2020,Red,Pinot Noir,,,,,2,100%,2,"$3,899"
Perth Hills,2020,Red,Shiraz,78.48,"$73,584.1",$938,0%,18.971,19%,97.451,"$91,372"
Perth Hills,2020,Red,Touriga Nacional,,,,,0.6,100%,0.6,"$1,161"
Perth Hills,2020,White,Chardonnay,15.738,,,,,,15.738,"$15,738"
Perth Hills,2020,White,Semillon,1,,,,,,1,"$1,000"
Perth Hills,2020,White,Vermentino,3.116,,,,,,3.116,"$3,116"
Perth Hills,2020,White,Viognier,,,,,4.361,100%,4.361,"$6,111"
Perth Hills,2019,Red,Cabernet Sauvignon,,,,,9.857,100%,9.857,"$14,355"
Perth Hills,2019,Red,Malbec,,,,,1.6,100%,1.6,"$1,949"
Perth Hills,2019,Red,Merlot,,,,,1.169,100%,1.169,"$1,107"
Perth Hills,2019,Red,Petit Verdot,,,,,2.534,100%,2.534,"$2,858"
Perth Hills,2019,Red,Pinot Noir,,,,,1.5,100%,1.5,"$2,548"
Perth Hills,2019,Red,Shiraz,,,,,8.829,100%,8.829,"$14,378"
Perth Hills,2019,White,Viognier,,,,,6.371,100%,6.371,"$8,331"
Perth Hills,2018,Red,Cabernet Sauvignon,,,,,11.838,100%,11.838,"$16,075"
Perth Hills,2018,Red,Malbec,,,,,1.113,100%,1.113,"$1,264"
Perth Hills,2018,Red,Merlot,,,,,2.843,100%,2.843,"$2,468"
Perth Hills,2018,Red,Petit Verdot,,,,,2.168,100%,2.168,"$2,118"
Perth Hills,2018,Red,Shiraz,,,,,14.309,100%,14.309,"$23,044"
Perth Hills,2018,White,Viognier,,,,,6.354,100%,6.354,"$8,000"
Perth Hills,2017,Red,Cabernet Sauvignon,,,,,7,100%,7,"$7,881"
Perth Hills,2017,Red,Grenache,,,,,3,100%,3,"$4,839"
Perth Hills,2017,Red,Pinot Noir,,,,,3,100%,3,"$4,691"
Perth Hills,2017,Red,Shiraz,,,,,7,100%,7,"$10,346"
Perth Hills,2017,Red,Tempranillo,7.566,,,,,,7.566,"$9,844"
Perth Hills,2017,White,Vermentino,2.5,,,,,,2.5,"$2,750"
Perth Hills,2017,White,Viognier,,,,,2.5,100%,2.5,"$3,234"
Perth Hills,2016,Red,Cabernet Sauvignon,,,,,7.795,100%,7.795,"$9,458"
Perth Hills,2016,Red,Grenache,,,,,2,100%,2,"$3,121"
Perth Hills,2016,Red,Merlot,,,,,8.721,100%,8.721,"$6,494"
Perth Hills,2016,Red,Petit Verdot,,,,,2.414,100%,2.414,"$2,389"
Perth Hills,2016,Red,Shiraz,,,,,21.044,100%,21.044,"$30,869"
Perth Hills,2016,White,Viognier,,,,,6.208,100%,6.208,"$7,665"
Perth Hills,2015,Red,Cabernet Sauvignon,,,,,7.01,100%,7.01,"$8,057"
Perth Hills,2015,Red,Durif,,,,,0.25,100%,0.25,$255
Perth Hills,2015,Red,Merlot,,,,,2.17,100%,2.17,"$1,582"
Perth Hills,2015,Red,Petit Verdot,,,,,2.69,100%,2.69,"$2,522"
Perth Hills,2015,Red,Shiraz,,,,,7,100%,7,"$9,357"
Perth Hills,2015,Red,Tempranillo,27.068,,,,,,27.068,"$29,891"
Perth Hills,2015,Red,Other red,,,,,1.21,100%,1.21,"$1,830"
Perth Hills,2015,White,Chardonnay,1,,,,,,1,"$1,000"
Perth Hills,2015,White,Viognier,,,,,8.86,100%,8.86,"$10,269"
Swan District,2015,Red,Cabernet Sauvignon,0.56,,,,180.18,100%,180.74,"$606,563"
Swan District,2015,Red,Grenache,10.42,,,,,,10.42,"$10,316"
Swan District,2015,Red,Malbec,0.035,,,,,,0.035,$117
Swan District,2015,Red,Merlot,,,,,8.51,100%,8.51,"$6,206"
Swan District,2015,Red,Muscat à petits grains rouges,0.9,,,,0.2,18%,1.1,
Swan District,2015,Red,Petit Verdot,,,,,1.7,100%,1.7,"$1,594"
Swan District,2015,Red,Sangiovese,,,,,0.91,100%,0.91,"$1,158"
Swan District,2015,Red,Shiraz,,,,,25.64,100%,25.64,"$34,274"
Swan District,2015,Red,Tempranillo,0.89,,,,3,77%,3.89,"$13,055"
Swan District,2015,White,Chardonnay,98.76,,,,292.93,75%,391.69,"$305,675"
Swan District,2015,White,Chenin blanc,221.52,,,,1052.72,83%,1274.24,"$1,059,161"
Swan District,2015,White,Muscat à petits grains blancs,1.63,,,,0.637,28%,2.267,"$1,814"
Swan District,2015,White,Muscat Gordo Blanco,,,,,0.5,100%,0.5,
Swan District,2015,White,Sauvignon Blanc,,,,,21.52,100%,21.52,"$22,238"
Swan District,2015,White,Semillon,44.24,,,,52.51,54%,96.75,"$72,510"
Swan District,2015,White,Verdelho,222.16,,,,560.45,72%,782.61,"$616,219"
Swan District,2015,White,Viognier,,,,,2,100%,2,"$2,318"
Swan District,2015,White,Other white,10.412,"$12,116.","$1,257",0%,215.45,95%,225.862,"$140,816"
Swan District,2016,Red,Cabernet Sauvignon,0.303,,,,124.85,100%,125.153,"$396,231"
Swan District,2016,Red,Grenache,4.26,,,,,,4.26,"$3,408"
Swan District,2016,Red,Malbec,0.359,,,,,,0.359,"$1,137"
Swan District,2016,Red,Shiraz,,,,,53.93,100%,53.93,"$79,110"
Swan District,2016,Red,Tempranillo,0.917,,,,,,0.917,"$2,903"
Swan District,2016,Red,Other red,,,,,0.317,100%,0.317,$648
Swan District,2016,White,Chardonnay,21.2,,,,327.28,94%,348.48,"$278,784"
Swan District,2016,White,Chenin blanc,229.23,,,,1163.46,84%,1392.69,"$1,118,176"
Swan District,2016,White,Muscat à petits grains blancs,2.06,,,,0.236,10%,2.296,"$1,837"
Swan District,2016,White,Sauvignon Blanc,,,,,21.76,100%,21.76,"$22,162"
Swan District,2016,White,Semillon,29.56,,,,56.88,66%,86.44,"$70,785"
Swan District,2016,White,Verdelho,157.02,,,,653.22,81%,810.24,"$648,192"
Swan District,2016,White,Vermentino,2.9,,,,,,2.9,"$3,480"
Swan District,2016,White,Viognier,,,,,3.4,100%,3.4,"$4,198"
Swan District,2016,White,Other white,0.191,,,,186.24,100%,186.431,"$207,861"
Swan District,2017,Red,Cabernet Franc,,,,,0.47,100%,0.47,$605
Swan District,2017,Red,Cabernet Sauvignon,0.386,,,,199.716,100%,200.102,"$307,089"
Swan District,2017,Red,Grenache,13.719,,,,1.9,12%,15.619,"$16,504"
Swan District,2017,Red,Malbec,0.632,,,,3.65,85%,4.282,"$6,571"
Swan District,2017,Red,Merlot,4.543,,,,8.32,65%,12.863,"$12,217"
Swan District,2017,Red,Petit Verdot,1.75,,,,2.688,61%,4.438,"$6,213"
Swan District,2017,Red,Sangiovese,,,,,0.98,100%,0.98,"$1,122"
Swan District,2017,Red,Shiraz,9.601,,,,44.05,82%,53.651,"$58,865"
Swan District,2017,Red,Tempranillo,12.47,,,,1.67,12%,14.14,"$18,978"
Swan District,2017,Red,Other red,,,,,1.01,100%,1.01,"$1,721"
Swan District,2017,White,Chardonnay,56.23,,,,351.104,86%,407.334,"$325,867"
Swan District,2017,White,Chenin blanc,134.57,,,,610.62,82%,745.19,"$580,860"
Swan District,2017,White,Muscat à petits grains blancs,2.38,,,,0.57,19%,2.95,"$2,360"
Swan District,2017,White,Sauvignon Blanc,,,,,28.56,100%,28.56,"$29,182"
Swan District,2017,White,Semillon,26.07,,,,62.67,71%,88.74,"$71,570"
Swan District,2017,White,Verdelho,143.64,,,,571.091,80%,714.731,"$571,785"
Swan District,2017,White,Vermentino,,,,,1.98,100%,1.98,"$2,066"
Swan District,2017,White,Other white,,,,,228.34,100%,228.34,"$173,559"
Swan District,2018,Red,Cabernet Sauvignon,,,,,122.604,100%,122.604,"$166,488"
Swan District,2018,Red,Grenache,42.79,,,,4.8,10%,47.59,"$47,590"
Swan District,2018,Red,Malbec,,,,,3.478,100%,3.478,"$3,949"
Swan District,2018,Red,Petit Verdot,,,,,2.68,100%,2.68,"$2,619"
Swan District,2018,Red,Shiraz,65.41,,,,79.33,55%,144.74,"$115,792"
Swan District,2018,Red,Tempranillo,12.29,,,,2.352,16%,14.642,"$19,035"
Swan District,2018,White,Chardonnay,59.52,,,,315.73,84%,375.25,"$300,200"
Swan District,2018,White,Chenin blanc,151.27,,,,1068.959,88%,1220.229,"$978,075"
Swan District,2018,White,Muscat à petits grains blancs,4.361,,,,,,4.361,"$6,526"
Swan District,2018,White,Sauvignon Blanc,,,,,18.18,100%,18.18,"$19,175"
Swan District,2018,White,Semillon,26.41,,,,71.96,73%,98.37,"$79,425"
Swan District,2018,White,Verdelho,72.72,,,,453.21,86%,525.93,"$420,744"
Swan District,2018,White,Other white,2.64,,,,172.64,98%,175.28,"$228,697"
Swan District,2019,Red,Cabernet Sauvignon,,,,,125.812,100%,125.812,"$183,224"
Swan District,2019,Red,Graciano,,,,,2.8,100%,2.8,"$4,332"
Swan District,2019,Red,Grenache,40.18,,,,,,40.18,"$41,030"
Swan District,2019,Red,Malbec,,,,,2.801,100%,2.801,"$3,411"
Swan District,2019,Red,Mataro/Mourvedre,1.19,,,,,,1.19,"$1,430"
Swan District,2019,Red,Merlot,,,,,30.164,100%,30.164,"$28,571"
Swan District,2019,Red,Petit Verdot,,,,,1.98,100%,1.98,"$2,233"
Swan District,2019,Red,Shiraz,42.958,,,,139.403,76%,182.361,"$155,711"
Swan District,2019,Red,Tempranillo,1,,,,3.509,78%,4.509,"$5,411"
Swan District,2019,White,Chardonnay,24.73,,,,321.613,93%,346.343,"$277,074"
Swan District,2019,White,Chenin blanc,80.06,"$67,014.75",$837,0%,1319.802,94%,1399.862,"$1,171,768"
Swan District,2019,White,Muscat à petits grains blancs,2.842,,,,1.98,41%,4.822,"$3,977"
Swan District,2019,White,Muscat Gordo Blanco,1.4,,,,,,1.4,"$2,240"
Swan District,2019,White,Sauvignon Blanc,,,,,0.28,100%,0.28,$290
Swan District,2019,White,Semillon,15.81,,,,56.22,78%,72.03,"$58,082"
Swan District,2019,White,Verdelho,85.3,,,,535.831,86%,621.131,"$499,234"
Swan District,2019,White,Other white,6.94,,,,163.682,96%,170.622,"$189,136"
Swan District,2020,Red,Cabernet Franc,,,,,1.31,100%,1.31,"$2,099"
Swan District,2020,Red,Cabernet Sauvignon,1.062,,,,109.588,99%,110.65,"$192,752"
Swan District,2020,Red,Graciano,,,,,3.2,100%,3.2,"$5,854"
Swan District,2020,Red,Grenache,52.349,"$54,322.4","$1,038",0%,4.26,8%,56.609,"$58,743"
Swan District,2020,Red,Malbec,,,,,5.56,100%,5.56,"$7,592"
Swan District,2020,Red,Mataro/Mourvedre,0.815,,,,0.255,24%,1.07,"$1,818"
Swan District,2020,Red,Merlot,0.5,,,,25.8,98%,26.3,"$31,560"
Swan District,2020,Red,Nero d'Avola,,,,,0.44,100%,0.44,"$1,012"
Swan District,2020,Red,Petit Verdot,1.72,,,,3.61,68%,5.33,"$7,462"
Swan District,2020,Red,Pinot Noir,,,,,0.47,100%,0.47,$916
Swan District,2020,Red,Sangiovese,,,,,1.18,100%,1.18,"$1,575"
Swan District,2020,Red,Shiraz,69.318,"$68,062.78986",$982,0%,102.196,60%,171.514,"$168,408"
Swan District,2020,Red,Tempranillo,,,,,6.94,100%,6.94,"$11,287"
Swan District,2020,Red,Touriga Nacional,,,,,0.55,100%,0.55,"$1,064"
Swan District,2020,Red,Other red,,,,,3.44,100%,3.44,"$6,107"
Swan District,2020,White,Chardonnay,51.94,,,,244.57,82%,296.51,"$237,208"
Swan District,2020,White,Chenin blanc,377.77,,,,715.81,65%,1093.58,"$879,632"
Swan District,2020,White,Fiano,,,,,2.02,100%,2.02,"$3,226"
Swan District,2020,White,Muscat à petits grains blancs,0.945,,,,4.6,83%,5.545,"$5,875"
Swan District,2020,White,Muscat Gordo Blanco,,,,,0.85,100%,0.85,$340
Swan District,2020,White,Pinot Gris/Grigio,,,,,41.68,100%,41.68,"$48,736"
Swan District,2020,White,Semillon,45.84,,,,17.73,28%,63.57,"$50,983"
Swan District,2020,White,Verdelho,61.94,,,,378.84,86%,440.78,"$376,536"
Swan District,2020,White,Vermentino,,,,,2.01,100%,2.01,"$3,074"
Swan District,2020,White,Other white,2.682,,,,184.19,99%,186.872,"$226,392"
Swan District,2021,Red,Cabernet Franc,,,,,2.062,100%,2.062,"$3,192"
Swan District,2021,Red,Cabernet Sauvignon,9.79,,,,117.094,92%,126.884,"$126,625"
Swan District,2021,Red,Durif,,,,,2.69,100%,2.69,"$3,634"
Swan District,2021,Red,Graciano,,,,,1.8,100%,1.8,"$3,687"
Swan District,2021,Red,Grenache,107.309,"$134,914.8","$1,257",21%,13.436,11%,120.745,"$151,807"
Swan District,2021,Red,Malbec,,,,,6.999,100%,6.999,"$10,168"
Swan District,2021,Red,Mataro/Mourvedre,,,,,0.285,100%,0.285,$518
Swan District,2021,Red,Merlot,,,,,27.243,100%,27.243,"$24,730"
Swan District,2021,Red,Muscat à petits grains rouges,,,,,1.54,100%,1.54,"$2,147"
Swan District,2021,Red,Nero d'Avola,,,,,0.469,100%,0.469,$991
Swan District,2021,Red,Petit Verdot,,,,,2.51,100%,2.51,"$2,426"
Swan District,2021,Red,Pinot Noir,,,,,0.314,100%,0.314,$616
Swan District,2021,Red,Sangiovese,,,,,1.089,100%,1.089,"$1,542"
Swan District,2021,Red,Shiraz,67.215,"$66,106.5",$984,0%,71.283,51%,138.498,"$136,240"
Swan District,2021,Red,Tempranillo,,,,,14.751,100%,14.751,"$24,746"
Swan District,2021,Red,Touriga Nacional,,,,,2.02,100%,2.02,"$3,832"
Swan District,2021,Red,Other red,,,,,6.309,100%,6.309,"$10,475"
Swan District,2021,White,Chardonnay,25.754,,,,220.227,90%,245.981,"$201,397"
Swan District,2021,White,Chenin blanc,404.111,"$329,319.8",$815,0%,656.17,62%,1060.281,"$864,046"
Swan District,2021,White,Fiano,2.74,,,,18.4,87%,21.14,"$36,995"
Swan District,2021,White,Gewürztraminer,,,,,1.97,100%,1.97,"$1,915"
Swan District,2021,White,Muscat à petits grains blancs,2.68,,,,,,2.68,"$3,484"
Swan District,2021,White,Muscat Gordo Blanco,,,,,1.28,100%,1.28,"$1,280"
Swan District,2021,White,Pinot Gris/Grigio,,,,,36.26,100%,36.26,"$45,939"
Swan District,2021,White,Sauvignon Blanc,9.59,,,,,,9.59,"$9,111"
Swan District,2021,White,Semillon,41.156,,,,5.385,12%,46.541,"$37,233"
Swan District,2021,White,Verdelho,66.699,"$55,904.2",$838,0%,291.693,81%,358.392,"$300,433"
Swan District,2021,White,Vermentino,1,,,,2.763,73%,3.763,"$3,763"
Swan District,2021,White,Viognier,,,,,3.607,100%,3.607,"$5,021"
Swan District,2021,White,Other white,5.206,"$6,970.8","$1,197",0%,162.66,97%,167.866,"$260,451"
